gene,uniprot_id,position,wt_aa,mut_aa,hgvs_p,sample_count,tumour_types,primary_tissues,cosmic_version
KRAS,P01116,12,G,D,p.G12D,12,adenocarcinoma,pancreas,
KRAS,P01116,12,G,V,p.G12V,12,adenocarcinoma,large_intestine,
KRAS,P01116,13,G,D,p.G13D,12,adenocarcinoma,large_intestine,
KRAS,P01116,61,Q,H,p.Q61H,12,carcinoma,lung,
KRAS,P01116,146,A,T,p.A146T,12,adenocarcinoma,large_intestine,
HRAS,P01112,12,G,V,p.G12V,12,carcinoma,urinary_tract,
HRAS,P01112,13,G,R,p.G13R,12,squamous_cell_carcinoma,head_and_neck,
HRAS,P01112,61,Q,R,p.Q61R,12,adenoma,thyroid,
NRAS,P01111,12,G,D,p.G12D,12,leukaemia,haematopoietic_and_lymphoid_tissue,
NRAS,P01111,13,G,D,p.G13D,12,leukaemia,haematopoietic_and_lymphoid_tissue,
NRAS,P01111,61,Q,K,p.Q61K,12,melanoma,skin,
NRAS,P01111,61,Q,R,p.Q61R,12,melanoma,skin,
