position,residue,min_distance_angstrom,gene,state
1,M,26.14244710176601,KRAS,GTP
2,T,24.359534353034828,KRAS,GTP
3,E,20.443203539438223,KRAS,GTP
4,Y,18.056078329433138,KRAS,GTP
5,K,16.699723547957984,KRAS,GTP
6,L,12.934456828296199,KRAS,GTP
7,V,11.184245879141374,KRAS,GTP
8,V,7.061487686578236,KRAS,GTP
9,V,7.1358163211629595,KRAS,GTP
10,G,4.813418277528241,KRAS,GTP
11,A,3.9217006051189274,KRAS,GTP
12,G,3.468098065228903,KRAS,GTP
13,G,3.204981226796462,KRAS,GTP
14,V,3.3460673181709315,KRAS,GTP
15,G,3.055250450889797,KRAS,GTP
16,K,2.6040111634798038,KRAS,GTP
17,S,2.0591621372963718,KRAS,GTP
18,A,2.7456830865540325,KRAS,GTP
19,L,5.052230759268585,KRAS,GTP
20,T,6.794885644335353,KRAS,GTP
21,I,7.338220827494177,KRAS,GTP
22,Q,7.612150720891819,KRAS,GTP
23,L,10.681950291790868,KRAS,GTP
24,I,12.097371849900961,KRAS,GTP
25,Q,12.504931537623037,KRAS,GTP
26,N,12.567525563950266,KRAS,GTP
27,H,9.40944908173845,KRAS,GTP
28,F,3.454202786035615,KRAS,GTP
29,V,4.090637254485248,KRAS,GTP
30,D,2.549654791954759,KRAS,GTP
31,E,2.882178537768014,KRAS,GTP
32,Y,3.505244051363025,KRAS,GTP
33,D,7.806917461343596,KRAS,GTP
34,P,9.136587213656389,KRAS,GTP
35,T,7.580658969587811,KRAS,GTP
36,I,11.406548890623215,KRAS,GTP
37,E,9.246825384515313,KRAS,GTP
38,D,6.318217217692209,KRAS,GTP
39,S,10.439202505916562,KRAS,GTP
40,Y,8.152627738781549,KRAS,GTP
41,R,15.271730909295911,KRAS,GTP
42,K,16.45745619365559,KRAS,GTP
43,Q,20.545040299049163,KRAS,GTP
44,V,19.500656922652794,KRAS,GTP
45,V,22.63296369388666,KRAS,GTP
46,I,20.766902894962204,KRAS,GTP
47,D,24.145073142546128,KRAS,GTP
48,G,26.983700442818154,KRAS,GTP
49,E,26.25467029278547,KRAS,GTP
50,T,26.763694549888275,KRAS,GTP
51,C,23.115354528804374,KRAS,GTP
52,L,20.322255432271653,KRAS,GTP
53,L,16.779660557261455,KRAS,GTP
54,D,14.768157719089237,KRAS,GTP
55,I,10.643571374974542,KRAS,GTP
56,L,9.086775823135874,KRAS,GTP
57,D,3.965545871837791,KRAS,GTP
58,T,4.295638610731883,KRAS,GTP
59,A,3.990727668826186,KRAS,GTP
60,G,2.918156376769462,KRAS,GTP
61,Q,4.9391135868090075,KRAS,GTP
65,S,13.192337164107967,KRAS,GTP
66,A,16.525776462275534,KRAS,GTP
67,M,13.377875539752324,KRAS,GTP
68,R,7.909569573415957,KRAS,GTP
69,D,14.604689797123122,KRAS,GTP
70,Q,16.60797109260148,KRAS,GTP
71,Y,10.936713286174085,KRAS,GTP
72,M,12.625439826722046,KRAS,GTP
73,R,17.27334563568086,KRAS,GTP
74,T,16.677687352423543,KRAS,GTP
75,G,17.15109705065232,KRAS,GTP
76,E,18.596677322941133,KRAS,GTP
77,G,15.328357049531693,KRAS,GTP
78,F,13.358833018724434,KRAS,GTP
79,L,9.657408212240076,KRAS,GTP
80,C,9.818709985072926,KRAS,GTP
81,V,6.4925486750488,KRAS,GTP
82,F,8.314058149896693,KRAS,GTP
83,A,7.543241736659152,KRAS,GTP
84,I,8.066908591068476,KRAS,GTP
85,N,7.125375740341014,KRAS,GTP
86,N,10.049553962840942,KRAS,GTP
87,T,13.56740944841814,KRAS,GTP
88,K,9.484568203583946,KRAS,GTP
89,S,8.829102891308395,KRAS,GTP
90,F,11.688341966648863,KRAS,GTP
91,E,14.081531503536194,KRAS,GTP
92,D,10.075226366007719,KRAS,GTP
93,I,11.037186795095332,KRAS,GTP
94,H,15.18883873749637,KRAS,GTP
95,H,11.782760541685088,KRAS,GTP
96,Y,7.038408883348328,KRAS,GTP
97,R,14.715764141170265,KRAS,GTP
98,E,16.940717324399664,KRAS,GTP
99,Q,11.676217825987592,KRAS,GTP
100,I,14.133840764226374,KRAS,GTP
101,K,18.60101396939699,KRAS,GTP
102,R,16.802516090578695,KRAS,GTP
103,V,17.54175864762602,KRAS,GTP
104,K,19.56832421317258,KRAS,GTP
105,D,22.90653759496087,KRAS,GTP
106,S,22.902470605134134,KRAS,GTP
107,E,23.895321641585095,KRAS,GTP
108,D,23.434120364198115,KRAS,GTP
109,V,19.392255718674466,KRAS,GTP
110,P,17.824495256276332,KRAS,GTP
111,M,15.53532138583047,KRAS,GTP
112,V,13.410819723380785,KRAS,GTP
113,L,13.29670209256857,KRAS,GTP
114,V,8.82380056440316,KRAS,GTP
115,G,7.540601576665194,KRAS,GTP
116,N,3.324317918578622,KRAS,GTP
117,K,3.161728124179051,KRAS,GTP
118,C,5.0631860532055155,KRAS,GTP
119,D,2.7200845546392385,KRAS,GTP
120,L,3.408024151202801,KRAS,GTP
121,P,7.144212193617856,KRAS,GTP
122,S,7.990786308934423,KRAS,GTP
123,R,10.666329225046917,KRAS,GTP
124,T,12.632635551681377,KRAS,GTP
125,V,13.428673701308925,KRAS,GTP
126,D,15.678941986500657,KRAS,GTP
127,T,14.307256452667566,KRAS,GTP
128,K,17.854902591497723,KRAS,GTP
129,Q,18.00536936609868,KRAS,GTP
130,A,15.051825007435346,KRAS,GTP
131,Q,17.69309524138715,KRAS,GTP
132,D,20.430265040611225,KRAS,GTP
133,L,16.711706018031002,KRAS,GTP
134,A,18.69373108569919,KRAS,GTP
135,R,21.67277879554613,KRAS,GTP
136,S,22.476555457714248,KRAS,GTP
137,Y,18.914530526772523,KRAS,GTP
138,G,22.663664948135928,KRAS,GTP
139,I,17.389933695218833,KRAS,GTP
140,P,17.019436535884427,KRAS,GTP
141,F,12.705933547646996,KRAS,GTP
142,I,10.643647091060904,KRAS,GTP
143,E,8.769427299418773,KRAS,GTP
144,T,4.9998291735041125,KRAS,GTP
145,S,3.567277146530306,KRAS,GTP
146,A,2.812351268550209,KRAS,GTP
147,K,3.3093649822505222,KRAS,GTP
148,T,5.566971679982939,KRAS,GTP
149,R,6.813457110908452,KRAS,GTP
150,Q,7.380265562958139,KRAS,GTP
151,G,9.610284799279654,KRAS,GTP
152,V,7.454256899051476,KRAS,GTP
153,D,11.827481197373672,KRAS,GTP
154,D,13.525569675182378,KRAS,GTP
155,A,11.403963718024896,KRAS,GTP
156,F,10.644917201358554,KRAS,GTP
157,Y,16.276416725238114,KRAS,GTP
158,T,17.113341148675577,KRAS,GTP
159,L,15.024463236335006,KRAS,GTP
160,V,19.404514360914867,KRAS,GTP
161,R,19.924795640273047,KRAS,GTP
162,E,20.911550227638468,KRAS,GTP
163,I,19.70021918967562,KRAS,GTP
164,R,24.567653936722127,KRAS,GTP
165,K,25.219459716821692,KRAS,GTP
166,H,25.290026161777206,KRAS,GTP
1,M,25.77790017718382,KRAS,GDP
2,T,24.25838176300284,KRAS,GDP
3,E,20.156042878557685,KRAS,GDP
4,Y,18.543821138850337,KRAS,GDP
5,K,17.052412837504342,KRAS,GDP
6,L,13.278990281343324,KRAS,GDP
7,V,11.073938190652017,KRAS,GDP
8,V,6.965780514056159,KRAS,GDP
9,V,7.056783932953342,KRAS,GDP
10,G,5.389509278450291,KRAS,GDP
11,A,3.863675715313318,KRAS,GDP
12,G,3.8449007431818454,KRAS,GDP
13,G,2.8209254099624483,KRAS,GDP
14,V,3.344395842399871,KRAS,GDP
15,G,3.030140645902059,KRAS,GDP
16,K,2.77656334328956,KRAS,GDP
17,S,2.085479526876179,KRAS,GDP
18,A,2.851240731709203,KRAS,GDP
19,L,5.120973974237426,KRAS,GDP
20,T,6.9520461938615075,KRAS,GDP
21,I,6.738028141100702,KRAS,GDP
22,Q,7.942216463831895,KRAS,GDP
23,L,10.870690875169926,KRAS,GDP
24,I,12.272648765562979,KRAS,GDP
25,Q,11.92452818189162,KRAS,GDP
26,N,13.020291040188422,KRAS,GDP
27,H,9.564250755213573,KRAS,GDP
28,F,3.7044950430948833,KRAS,GDP
29,V,4.114228074821515,KRAS,GDP
30,D,2.8962609622833404,KRAS,GDP
31,E,4.9265462218083025,KRAS,GDP
32,Y,3.8832133720498967,KRAS,GDP
33,D,4.326666232244581,KRAS,GDP
34,P,4.248732450663473,KRAS,GDP
35,T,5.608761430206431,KRAS,GDP
36,I,4.452075348113037,KRAS,GDP
37,E,6.633082760192328,KRAS,GDP
38,D,7.749621926020033,KRAS,GDP
39,S,10.507914262718442,KRAS,GDP
40,Y,8.418360857947725,KRAS,GDP
41,R,15.418239268606253,KRAS,GDP
42,K,16.59940411653619,KRAS,GDP
43,Q,20.583709698545043,KRAS,GDP
44,V,19.851006910064417,KRAS,GDP
45,V,23.321037935594664,KRAS,GDP
46,I,20.98246182819225,KRAS,GDP
47,D,25.054409795000176,KRAS,GDP
48,G,27.89394916099891,KRAS,GDP
49,E,26.60918557634112,KRAS,GDP
50,T,26.41308048679533,KRAS,GDP
51,C,22.933130887701147,KRAS,GDP
52,L,20.55631994753766,KRAS,GDP
53,L,17.07497813363237,KRAS,GDP
54,D,15.029943367023153,KRAS,GDP
55,I,11.242841850919234,KRAS,GDP
56,L,9.089217948419083,KRAS,GDP
57,D,4.09676551894457,KRAS,GDP
58,T,4.569866515353137,KRAS,GDP
59,A,5.353803958262088,KRAS,GDP
60,G,7.760514464223998,KRAS,GDP
61,Q,10.684369947817311,KRAS,GDP
62,E,11.681690535838213,KRAS,GDP
63,E,15.09612556100039,KRAS,GDP
64,Y,17.3880432224906,KRAS,GDP
65,S,18.20786840538058,KRAS,GDP
66,A,19.29451676798681,KRAS,GDP
67,M,15.879961772088329,KRAS,GDP
68,R,15.09450000115125,KRAS,GDP
69,D,17.743501556057627,KRAS,GDP
70,Q,18.307827762307827,KRAS,GDP
71,Y,11.442732311907644,KRAS,GDP
72,M,14.093236723837844,KRAS,GDP
73,R,19.523952864646148,KRAS,GDP
74,T,18.471185008953334,KRAS,GDP
75,G,17.838970987197584,KRAS,GDP
76,E,18.925090804729226,KRAS,GDP
77,G,15.202564706476169,KRAS,GDP
78,F,13.226865400338566,KRAS,GDP
79,L,9.499830733055882,KRAS,GDP
80,C,9.747590359963667,KRAS,GDP
81,V,6.372631340049978,KRAS,GDP
82,F,8.110452638186851,KRAS,GDP
83,A,7.303759370809289,KRAS,GDP
84,I,8.09373604646604,KRAS,GDP
85,N,7.674200742245924,KRAS,GDP
86,N,9.209355398497866,KRAS,GDP
87,T,13.368312562362052,KRAS,GDP
88,K,12.108929100424008,KRAS,GDP
89,S,8.78109850982276,KRAS,GDP
90,F,11.658946503611155,KRAS,GDP
91,E,14.046793762160426,KRAS,GDP
92,D,10.467167700221502,KRAS,GDP
93,I,11.000409912425349,KRAS,GDP
94,H,15.459352836339859,KRAS,GDP
95,H,13.916556283314117,KRAS,GDP
96,Y,8.625682251024108,KRAS,GDP
97,R,15.572529346789398,KRAS,GDP
98,E,18.196883726450537,KRAS,GDP
99,Q,14.618723771747266,KRAS,GDP
100,I,14.193468916039489,KRAS,GDP
101,K,19.570675937435183,KRAS,GDP
102,R,21.53100646999992,KRAS,GDP
103,V,19.586028844092898,KRAS,GDP
104,K,20.06564235562374,KRAS,GDP
105,D,24.36029336293471,KRAS,GDP
106,S,23.886936594706494,KRAS,GDP
107,E,24.51953580207274,KRAS,GDP
108,D,23.59426443815351,KRAS,GDP
109,V,19.266942152184225,KRAS,GDP
110,P,17.64544332990659,KRAS,GDP
111,M,16.40360327584492,KRAS,GDP
112,V,13.221548099373399,KRAS,GDP
113,L,13.004261296975718,KRAS,GDP
114,V,8.535880763921968,KRAS,GDP
115,G,7.2414937355291835,KRAS,GDP
116,N,3.059323602116886,KRAS,GDP
117,K,3.2132332649062954,KRAS,GDP
118,C,4.7237770303039115,KRAS,GDP
119,D,2.857186009242091,KRAS,GDP
120,L,3.33715939248088,KRAS,GDP
121,P,7.133387735518938,KRAS,GDP
122,S,10.94496374381325,KRAS,GDP
123,R,10.975925484109217,KRAS,GDP
124,T,13.292318637940765,KRAS,GDP
125,V,13.318567492900323,KRAS,GDP
126,D,15.479228129287396,KRAS,GDP
127,T,13.887292522210336,KRAS,GDP
128,K,17.43652945520124,KRAS,GDP
129,Q,17.86150229537389,KRAS,GDP
130,A,14.83940007082345,KRAS,GDP
131,Q,17.394928590599847,KRAS,GDP
132,D,20.12845036225935,KRAS,GDP
133,L,16.96106563867924,KRAS,GDP
134,A,18.453064784611954,KRAS,GDP
135,R,21.464656828674922,KRAS,GDP
136,S,22.3393429316527,KRAS,GDP
137,Y,17.839738536792986,KRAS,GDP
138,G,22.786108743905714,KRAS,GDP
139,I,17.31027143095943,KRAS,GDP
140,P,16.727459237829606,KRAS,GDP
141,F,12.603648935390378,KRAS,GDP
142,I,10.39706575033514,KRAS,GDP
143,E,8.377769710616928,KRAS,GDP
144,T,4.563440280081316,KRAS,GDP
145,S,3.383935011162722,KRAS,GDP
146,A,2.783884429327687,KRAS,GDP
147,K,3.70630422421404,KRAS,GDP
148,T,5.853775788495308,KRAS,GDP
149,R,6.971547098939837,KRAS,GDP
150,Q,7.266998712409939,KRAS,GDP
151,G,9.499448660402171,KRAS,GDP
152,V,7.1026434172626205,KRAS,GDP
153,D,11.513915561010197,KRAS,GDP
154,D,13.27097109801086,KRAS,GDP
155,A,11.38065426887155,KRAS,GDP
156,F,10.598397351160289,KRAS,GDP
157,Y,16.095055767616483,KRAS,GDP
158,T,17.118378199736366,KRAS,GDP
159,L,14.79505498766108,KRAS,GDP
160,V,19.125164553751404,KRAS,GDP
161,R,20.370552767052295,KRAS,GDP
162,E,20.7120771167495,KRAS,GDP
163,I,19.171756728855684,KRAS,GDP
164,R,24.147324835915015,KRAS,GDP
165,K,25.059942807102015,KRAS,GDP
166,H,24.904981243036577,KRAS,GDP
167,K,26.050998509981422,KRAS,GDP
168,E,29.531558097802836,KRAS,GDP
169,K,30.694784225335546,KRAS,GDP
1,M,25.902421963476524,HRAS,GTP
2,T,24.36835015452933,HRAS,GTP
3,E,20.3828221378863,HRAS,GTP
4,Y,18.181730708520774,HRAS,GTP
5,K,16.776721288598736,HRAS,GTP
6,L,13.058516758459758,HRAS,GTP
7,V,11.235352319668749,HRAS,GTP
8,V,7.134103172581771,HRAS,GTP
9,V,7.232286349314064,HRAS,GTP
10,G,4.785087267623501,HRAS,GTP
11,A,3.9111452868062844,HRAS,GTP
12,G,3.460249983150503,HRAS,GTP
13,G,3.100714764429057,HRAS,GTP
14,V,3.2269078438560412,HRAS,GTP
15,G,2.9971299393077406,HRAS,GTP
16,K,2.6331743430091556,HRAS,GTP
17,S,2.136007293911835,HRAS,GTP
18,A,2.808894778027455,HRAS,GTP
19,L,5.03644356525322,HRAS,GTP
20,T,6.936707619843363,HRAS,GTP
21,I,6.690284345979162,HRAS,GTP
22,Q,8.168110490783533,HRAS,GTP
23,L,10.694239806485019,HRAS,GTP
24,I,12.271722456971188,HRAS,GTP
25,Q,11.75498389802717,HRAS,GTP
26,N,12.750703301354976,HRAS,GTP
27,H,8.994982203757566,HRAS,GTP
28,F,3.225460239486906,HRAS,GTP
29,V,2.6856298633025895,HRAS,GTP
30,D,2.817266957498665,HRAS,GTP
31,E,3.5501746199932884,HRAS,GTP
32,Y,3.7728801395336893,HRAS,GTP
33,D,4.40485414500747,HRAS,GTP
34,P,3.4308424065589262,HRAS,GTP
35,T,2.1564733261826095,HRAS,GTP
36,I,5.6722235141004385,HRAS,GTP
37,E,7.495350616907767,HRAS,GTP
38,D,6.256581722298039,HRAS,GTP
39,S,10.186535972371834,HRAS,GTP
40,Y,7.805595338814784,HRAS,GTP
41,R,14.964578328830576,HRAS,GTP
42,K,17.432550042711455,HRAS,GTP
43,Q,20.757019297562884,HRAS,GTP
44,V,19.601621131285487,HRAS,GTP
45,V,22.554872443903914,HRAS,GTP
46,I,20.585896962099525,HRAS,GTP
47,D,23.532329825531647,HRAS,GTP
48,G,26.78975192561118,HRAS,GTP
49,E,26.07909279864269,HRAS,GTP
50,T,26.618215830382653,HRAS,GTP
51,C,22.925829602483688,HRAS,GTP
52,L,20.356071574608006,HRAS,GTP
53,L,16.93487800780807,HRAS,GTP
54,D,14.88902837258313,HRAS,GTP
55,I,10.860041996860781,HRAS,GTP
56,L,8.981817084005007,HRAS,GTP
57,D,4.044037143704981,HRAS,GTP
58,T,4.1906078994593035,HRAS,GTP
59,A,3.9274048517682187,HRAS,GTP
60,G,2.7762060390060985,HRAS,GTP
61,Q,4.145946027922282,HRAS,GTP
62,E,7.566423492829375,HRAS,GTP
63,E,8.693175303363377,HRAS,GTP
64,Y,7.7564871717619885,HRAS,GTP
65,S,10.319569402632434,HRAS,GTP
66,A,12.69744050876066,HRAS,GTP
67,M,10.690059351230026,HRAS,GTP
68,R,8.718790470055852,HRAS,GTP
69,D,14.821874473576749,HRAS,GTP
70,Q,16.13469565876334,HRAS,GTP
71,Y,9.221478620324977,HRAS,GTP
72,M,12.734841505536798,HRAS,GTP
73,R,17.783228273044024,HRAS,GTP
74,T,18.29204765967386,HRAS,GTP
75,G,17.29286087463619,HRAS,GTP
76,E,18.615072523904313,HRAS,GTP
77,G,15.29961218776437,HRAS,GTP
78,F,13.39894021222732,HRAS,GTP
79,L,9.591924430307483,HRAS,GTP
80,C,9.840953086848442,HRAS,GTP
81,V,6.418809400498948,HRAS,GTP
82,F,8.225736032388362,HRAS,GTP
83,A,7.338853987569173,HRAS,GTP
84,I,8.117362546264548,HRAS,GTP
85,N,7.0569828839993285,HRAS,GTP
86,N,8.921084331339195,HRAS,GTP
87,T,13.45081459992144,HRAS,GTP
88,K,12.111343712398327,HRAS,GTP
89,S,8.714661808194181,HRAS,GTP
90,F,11.599998951416792,HRAS,GTP
91,E,13.96183303697942,HRAS,GTP
92,D,10.111618511355942,HRAS,GTP
93,I,10.723562995074852,HRAS,GTP
94,H,14.934717352490317,HRAS,GTP
95,Q,14.120082884221732,HRAS,GTP
96,Y,6.8988509042246475,HRAS,GTP
97,R,14.849533858108256,HRAS,GTP
98,E,17.228196129638384,HRAS,GTP
99,Q,14.062734474108726,HRAS,GTP
100,I,14.361057750824333,HRAS,GTP
101,K,19.16027658433412,HRAS,GTP
102,R,17.959490123613197,HRAS,GTP
103,V,18.47918526972778,HRAS,GTP
104,K,19.934685689891477,HRAS,GTP
105,D,23.660531402259856,HRAS,GTP
106,S,23.307968513099066,HRAS,GTP
107,D,24.37426106820284,HRAS,GTP
108,D,23.62216405651289,HRAS,GTP
109,V,19.60881448746628,HRAS,GTP
110,P,17.90607366263921,HRAS,GTP
111,M,16.842900050975594,HRAS,GTP
112,V,13.428886033426222,HRAS,GTP
113,L,13.201624955271821,HRAS,GTP
114,V,8.694385557240313,HRAS,GTP
115,G,7.292920029301159,HRAS,GTP
116,N,3.150703106635508,HRAS,GTP
117,K,3.284700595002733,HRAS,GTP
118,C,4.856282849563287,HRAS,GTP
119,D,2.7988706973823017,HRAS,GTP
120,L,3.6202241438446663,HRAS,GTP
121,A,7.918946983056922,HRAS,GTP
122,A,9.46426813315602,HRAS,GTP
123,R,10.91975986746821,HRAS,GTP
124,T,13.148370508069606,HRAS,GTP
125,V,13.356006614053145,HRAS,GTP
126,E,15.578982759075616,HRAS,GTP
127,S,15.41314686839338,HRAS,GTP
128,R,17.810189631357705,HRAS,GTP
129,Q,17.97377433431984,HRAS,GTP
130,A,14.994902295909247,HRAS,GTP
131,Q,17.641035049509366,HRAS,GTP
132,D,20.337640355314,HRAS,GTP
133,L,16.387581535437448,HRAS,GTP
134,A,18.59407463890497,HRAS,GTP
135,R,21.60752768355921,HRAS,GTP
136,S,21.916117768720614,HRAS,GTP
137,Y,17.355589116575945,HRAS,GTP
138,G,22.728012045664627,HRAS,GTP
139,I,17.34752438325323,HRAS,GTP
140,P,16.790377812439903,HRAS,GTP
141,Y,11.657416115796286,HRAS,GTP
142,I,10.592677233979813,HRAS,GTP
143,E,8.435343483905504,HRAS,GTP
144,T,4.61621572158761,HRAS,GTP
145,S,3.4337288705350524,HRAS,GTP
146,A,2.838515584201263,HRAS,GTP
147,K,3.574833377665673,HRAS,GTP
148,T,5.697545338197694,HRAS,GTP
149,R,6.981852235664389,HRAS,GTP
150,Q,7.276522846097991,HRAS,GTP
151,G,9.51340898833611,HRAS,GTP
152,V,7.08760781792513,HRAS,GTP
153,E,11.488302546655818,HRAS,GTP
154,D,13.170493721703366,HRAS,GTP
155,A,11.190226358494812,HRAS,GTP
156,F,10.374248858635305,HRAS,GTP
157,Y,15.955380761404767,HRAS,GTP
158,T,16.757111703200028,HRAS,GTP
159,L,14.93002723786394,HRAS,GTP
160,V,19.28180230880003,HRAS,GTP
161,R,19.480600897899386,HRAS,GTP
162,E,20.690928097199553,HRAS,GTP
163,I,19.660685619194528,HRAS,GTP
164,R,24.480436111401318,HRAS,GTP
165,Q,24.522692680331502,HRAS,GTP
166,H,23.87960026630066,HRAS,GTP
1,M,26.102230950354663,HRAS,GDP
2,T,24.38656002137308,HRAS,GDP
3,E,20.36804196435402,HRAS,GDP
4,Y,18.859614671113288,HRAS,GDP
5,K,17.421279483544676,HRAS,GDP
6,L,13.63676499654291,HRAS,GDP
7,V,11.004682549451564,HRAS,GDP
8,V,7.133951459206638,HRAS,GDP
9,V,7.278400299360464,HRAS,GDP
10,G,5.740110923978435,HRAS,GDP
11,A,4.301418950445257,HRAS,GDP
12,G,3.6290250532992294,HRAS,GDP
13,G,2.6680637552650754,HRAS,GDP
14,V,3.7100856549947765,HRAS,GDP
15,G,3.1268861298273376,HRAS,GDP
16,K,2.489445407361937,HRAS,GDP
17,S,2.3140416577063094,HRAS,GDP
18,A,2.8186945337909153,HRAS,GDP
19,L,5.009768241435536,HRAS,GDP
20,T,6.737646621395489,HRAS,GDP
21,I,7.303981964032908,HRAS,GDP
22,Q,7.440805776767245,HRAS,GDP
23,L,10.919132766004095,HRAS,GDP
24,I,12.109040552814154,HRAS,GDP
25,Q,12.563047217614734,HRAS,GDP
26,N,12.378051539267227,HRAS,GDP
27,H,9.191323879495682,HRAS,GDP
28,F,3.1980455846363527,HRAS,GDP
29,V,4.414273988960499,HRAS,GDP
30,D,2.95992277004843,HRAS,GDP
31,E,4.705786470303376,HRAS,GDP
32,Y,3.8611680154060153,HRAS,GDP
33,D,3.9203401976638825,HRAS,GDP
34,P,4.1547156687435605,HRAS,GDP
35,T,5.315403420869713,HRAS,GDP
36,I,4.960596623711739,HRAS,GDP
37,E,6.877257615286275,HRAS,GDP
38,D,7.914443497255271,HRAS,GDP
39,S,10.715304671873724,HRAS,GDP
40,Y,8.133785661196088,HRAS,GDP
41,R,15.169427629725856,HRAS,GDP
42,K,16.44283434571703,HRAS,GDP
43,Q,19.838647722783925,HRAS,GDP
44,V,19.60697486462686,HRAS,GDP
45,V,22.323305347037426,HRAS,GDP
46,I,20.522739481865788,HRAS,GDP
47,D,23.764030986629354,HRAS,GDP
48,G,26.829275976850763,HRAS,GDP
49,E,25.67694728321345,HRAS,GDP
50,T,25.867006424092075,HRAS,GDP
51,C,22.293486782532124,HRAS,GDP
52,L,20.428414831289516,HRAS,GDP
53,L,17.09300320148383,HRAS,GDP
54,D,15.313443086019358,HRAS,GDP
55,I,11.42495163933688,HRAS,GDP
56,L,9.476112445582178,HRAS,GDP
57,D,4.336345301037965,HRAS,GDP
58,T,4.570621204024642,HRAS,GDP
59,A,4.790921697473899,HRAS,GDP
60,G,7.241305017028968,HRAS,GDP
61,Q,7.614772420202753,HRAS,GDP
62,E,12.972740336374363,HRAS,GDP
63,E,13.53587520490443,HRAS,GDP
64,Y,15.603509273597911,HRAS,GDP
65,S,13.894395515288082,HRAS,GDP
66,A,16.758741428611735,HRAS,GDP
67,M,14.424344705735711,HRAS,GDP
68,R,11.165382291499903,HRAS,GDP
69,D,15.961363731560034,HRAS,GDP
70,Q,17.979238697261366,HRAS,GDP
71,Y,14.974675676181292,HRAS,GDP
72,M,14.142216107445403,HRAS,GDP
73,R,19.169277266371854,HRAS,GDP
74,T,19.52423657092592,HRAS,GDP
75,G,18.226205343198668,HRAS,GDP
76,E,18.9777064608027,HRAS,GDP
77,G,15.345693680113605,HRAS,GDP
78,F,13.275133422949274,HRAS,GDP
79,L,9.610199975404521,HRAS,GDP
80,C,9.723848247971924,HRAS,GDP
81,V,6.284525508769553,HRAS,GDP
82,F,8.175304285466995,HRAS,GDP
83,A,7.369896928202262,HRAS,GDP
84,I,7.8851497835118485,HRAS,GDP
85,N,6.643098356650456,HRAS,GDP
86,N,9.147335075173178,HRAS,GDP
87,T,12.914627518107437,HRAS,GDP
88,K,12.331572350369138,HRAS,GDP
89,S,9.060531236527803,HRAS,GDP
90,F,11.720296926391981,HRAS,GDP
91,E,14.1609754518748,HRAS,GDP
92,D,11.146445438005228,HRAS,GDP
93,I,10.660244506500005,HRAS,GDP
94,H,15.240038365336108,HRAS,GDP
95,Q,15.133347641263352,HRAS,GDP
96,Y,8.94660135942259,HRAS,GDP
97,R,14.946776218937915,HRAS,GDP
98,E,17.500284670234468,HRAS,GDP
99,Q,13.08968576906681,HRAS,GDP
100,I,14.21070262314283,HRAS,GDP
101,K,19.2579246030303,HRAS,GDP
102,R,19.212836020749528,HRAS,GDP
103,V,19.055487163547703,HRAS,GDP
104,K,20.246757083479064,HRAS,GDP
105,D,23.68303335235001,HRAS,GDP
106,S,23.016700508970732,HRAS,GDP
107,D,22.858731762181485,HRAS,GDP
108,D,23.45529647251128,HRAS,GDP
109,V,19.516617539505166,HRAS,GDP
110,P,17.65604040217671,HRAS,GDP
111,M,16.424508907814335,HRAS,GDP
112,V,13.620061256340843,HRAS,GDP
113,L,13.03832478262987,HRAS,GDP
114,V,8.553432085665825,HRAS,GDP
115,G,7.620613893434334,HRAS,GDP
116,N,3.2901663172293962,HRAS,GDP
117,K,2.8231157791608523,HRAS,GDP
118,C,5.2282789225005475,HRAS,GDP
119,D,2.5717634621025405,HRAS,GDP
120,L,2.7866891420496165,HRAS,GDP
121,A,7.677504098016764,HRAS,GDP
122,A,8.920314278715859,HRAS,GDP
123,R,10.273981090166966,HRAS,GDP
124,T,12.186993410637298,HRAS,GDP
125,V,13.499860313701667,HRAS,GDP
126,E,15.356228840891625,HRAS,GDP
127,S,14.204090756905789,HRAS,GDP
128,R,17.359529078665034,HRAS,GDP
129,Q,17.94668378758461,HRAS,GDP
130,A,14.793311399571586,HRAS,GDP
131,Q,17.303194289593417,HRAS,GDP
132,D,20.038394336846014,HRAS,GDP
133,L,17.09824026959069,HRAS,GDP
134,A,18.349988902921094,HRAS,GDP
135,R,21.308770667374045,HRAS,GDP
136,S,22.454539267943318,HRAS,GDP
137,Y,17.669491747583923,HRAS,GDP
138,G,22.705951410169778,HRAS,GDP
139,I,17.494363900771546,HRAS,GDP
140,P,16.85773154674828,HRAS,GDP
141,Y,11.817035049556013,HRAS,GDP
142,I,10.510021164715331,HRAS,GDP
143,E,8.467073257488936,HRAS,GDP
144,T,4.818602487445523,HRAS,GDP
145,S,3.4684405114460413,HRAS,GDP
146,A,2.7404564415785027,HRAS,GDP
147,K,3.3289579407733725,HRAS,GDP
148,T,5.506328717609273,HRAS,GDP
149,R,6.644483982880994,HRAS,GDP
150,Q,7.165985054888864,HRAS,GDP
151,G,9.40057737272403,HRAS,GDP
152,V,7.363407965086056,HRAS,GDP
153,E,11.607929341220624,HRAS,GDP
154,D,13.315479012846644,HRAS,GDP
155,A,11.171736972593935,HRAS,GDP
156,F,10.608967286144878,HRAS,GDP
157,Y,16.043177064391156,HRAS,GDP
158,T,16.706236798674876,HRAS,GDP
159,L,14.478970919529026,HRAS,GDP
160,V,19.0951937544797,HRAS,GDP
161,R,19.758638720452083,HRAS,GDP
162,E,20.839788782185085,HRAS,GDP
163,I,19.332136132056814,HRAS,GDP
164,R,24.189580805084425,HRAS,GDP
165,Q,26.05807232667258,HRAS,GDP
166,H,24.863674331147678,HRAS,GDP
167,K,25.66254764468971,HRAS,GDP
168,L,29.85890705231319,HRAS,GDP
169,R,31.605561633542738,HRAS,GDP
1,M,24.87585857564251,NRAS,GTP
2,T,23.863532583963362,NRAS,GTP
3,E,21.749862599520903,NRAS,GTP
4,Y,17.77639050997843,NRAS,GTP
5,K,16.574953406615702,NRAS,GTP
6,L,12.837994700489787,NRAS,GTP
7,V,11.107195376184915,NRAS,GTP
8,V,7.13619749315004,NRAS,GTP
9,V,7.12312939971935,NRAS,GTP
10,G,4.838148252897466,NRAS,GTP
11,A,3.8288158451208947,NRAS,GTP
12,G,3.406299149049768,NRAS,GTP
13,G,3.093723058260794,NRAS,GTP
14,V,3.2849272184976517,NRAS,GTP
15,G,3.11667787956104,NRAS,GTP
16,K,2.6991408084855246,NRAS,GTP
17,S,2.098331582795348,NRAS,GTP
18,A,2.810653257688794,NRAS,GTP
19,L,5.079272757152188,NRAS,GTP
20,T,6.969520037780573,NRAS,GTP
21,I,6.447697331206094,NRAS,GTP
22,Q,8.033398309559052,NRAS,GTP
23,L,10.620800529251218,NRAS,GTP
24,I,12.201148161719328,NRAS,GTP
25,Q,11.468773150844303,NRAS,GTP
26,N,12.461273237265864,NRAS,GTP
27,H,8.968417094634638,NRAS,GTP
28,F,3.3059711439808934,NRAS,GTP
29,V,4.6789598122273475,NRAS,GTP
30,D,3.1953401663043763,NRAS,GTP
31,E,3.4883025543429667,NRAS,GTP
32,Y,4.623226018214415,NRAS,GTP
33,D,4.2364208857943035,NRAS,GTP
34,P,3.594707666461865,NRAS,GTP
35,T,2.1460493586791145,NRAS,GTP
36,I,5.737208044377705,NRAS,GTP
37,E,7.493967152579345,NRAS,GTP
38,D,6.260987582273541,NRAS,GTP
39,S,10.132453502286985,NRAS,GTP
40,Y,7.700767712231373,NRAS,GTP
41,R,14.807580770145744,NRAS,GTP
42,K,17.041723350566624,NRAS,GTP
43,Q,20.259229401897418,NRAS,GTP
44,V,19.26338679626332,NRAS,GTP
45,V,22.479395937460588,NRAS,GTP
46,I,20.34126995607077,NRAS,GTP
47,D,23.573288229415315,NRAS,GTP
48,G,26.69155260745881,NRAS,GTP
49,E,25.95125077883399,NRAS,GTP
50,T,26.189090145644077,NRAS,GTP
51,C,22.460447032768954,NRAS,GTP
52,L,19.867079790210514,NRAS,GTP
53,L,16.419811244081366,NRAS,GTP
54,D,14.641488744591836,NRAS,GTP
55,I,10.520127679641899,NRAS,GTP
56,L,8.933723400883895,NRAS,GTP
57,D,3.9395090283274206,NRAS,GTP
58,T,4.158579485747161,NRAS,GTP
59,A,3.9729366266745787,NRAS,GTP
60,G,2.9171235255010974,NRAS,GTP
61,Q,4.743285009020794,NRAS,GTP
62,E,8.245298134229158,NRAS,GTP
63,E,10.263439607410017,NRAS,GTP
64,Y,8.051779281247542,NRAS,GTP
65,S,10.916649570846795,NRAS,GTP
66,A,13.468017079890629,NRAS,GTP
67,M,11.36084437658745,NRAS,GTP
68,R,7.880435346143226,NRAS,GTP
69,D,13.76205249885994,NRAS,GTP
70,Q,16.125628481144304,NRAS,GTP
71,Y,13.720280822583135,NRAS,GTP
72,M,12.564381383849781,NRAS,GTP
73,R,17.24378817586505,NRAS,GTP
74,T,17.823841963019937,NRAS,GTP
75,G,17.2926541870669,NRAS,GTP
76,E,18.653200029687174,NRAS,GTP
77,G,15.295454700628994,NRAS,GTP
78,F,13.376838579090116,NRAS,GTP
79,L,9.741198596384432,NRAS,GTP
80,C,9.798146466770945,NRAS,GTP
81,V,6.448246290617098,NRAS,GTP
82,F,8.248424502735606,NRAS,GTP
83,A,7.315526407971787,NRAS,GTP
84,I,7.959153664633753,NRAS,GTP
85,N,7.191900052429586,NRAS,GTP
86,N,8.820041659877456,NRAS,GTP
87,S,13.19346082847011,NRAS,GTP
88,K,11.995262174858329,NRAS,GTP
89,S,8.708878247277298,NRAS,GTP
90,F,11.627985973194953,NRAS,GTP
91,A,14.026674377186499,NRAS,GTP
92,D,10.389907142785818,NRAS,GTP
93,I,10.849456187096319,NRAS,GTP
94,N,15.015472629641463,NRAS,GTP
95,L,14.059360606508708,NRAS,GTP
96,Y,7.301947327715106,NRAS,GTP
97,R,14.570961373970794,NRAS,GTP
98,E,16.928953878264316,NRAS,GTP
99,Q,14.624122428886553,NRAS,GTP
100,I,13.825754452529543,NRAS,GTP
101,K,18.552318071588385,NRAS,GTP
102,R,19.264089521053588,NRAS,GTP
103,V,17.266677337483777,NRAS,GTP
104,K,19.33866133024472,NRAS,GTP
105,D,22.896202290595266,NRAS,GTP
106,S,22.605954219670437,NRAS,GTP
107,D,23.4082286373117,NRAS,GTP
108,D,22.847927529093546,NRAS,GTP
109,V,19.494948798287066,NRAS,GTP
110,P,17.80368605232695,NRAS,GTP
111,M,15.598278394498799,NRAS,GTP
112,V,13.326448258787993,NRAS,GTP
113,L,13.156846199815467,NRAS,GTP
114,V,8.692439739730476,NRAS,GTP
115,G,7.41543288665812,NRAS,GTP
116,N,3.1477489671384316,NRAS,GTP
117,K,3.1459646286968495,NRAS,GTP
118,C,4.925624346139395,NRAS,GTP
119,D,2.8604978813294926,NRAS,GTP
120,L,3.4364752146470128,NRAS,GTP
121,P,7.321736114710836,NRAS,GTP
122,T,8.631587475338659,NRAS,GTP
123,R,10.958817501991852,NRAS,GTP
124,T,12.674647737878226,NRAS,GTP
125,V,13.347802648780172,NRAS,GTP
126,D,15.8697121029403,NRAS,GTP
127,T,14.252041909830467,NRAS,GTP
128,K,17.932971985809715,NRAS,GTP
129,Q,18.094250967322566,NRAS,GTP
130,A,14.99730797791126,NRAS,GTP
131,H,16.549724829650938,NRAS,GTP
132,E,20.38849042705814,NRAS,GTP
133,L,16.77038395362345,NRAS,GTP
134,A,18.58119540014495,NRAS,GTP
135,K,21.6188763574807,NRAS,GTP
136,S,22.29870700607686,NRAS,GTP
137,Y,17.46080188360805,NRAS,GTP
138,G,22.68978947881448,NRAS,GTP
139,I,17.249405655631378,NRAS,GTP
140,P,16.74744700597503,NRAS,GTP
141,F,12.341731783583844,NRAS,GTP
142,I,10.54665314997438,NRAS,GTP
143,E,8.609615125276683,NRAS,GTP
144,T,4.820198705979459,NRAS,GTP
145,S,3.5298528562876963,NRAS,GTP
146,A,2.8354344945698657,NRAS,GTP
147,K,3.465208169339986,NRAS,GTP
148,T,5.687419327574756,NRAS,GTP
149,R,6.9744370616011,NRAS,GTP
150,Q,7.365563773491579,NRAS,GTP
151,G,9.61657736056029,NRAS,GTP
152,V,7.217971665398406,NRAS,GTP
153,E,11.626813700937998,NRAS,GTP
154,D,13.263323920717244,NRAS,GTP
155,A,11.331612631778643,NRAS,GTP
156,F,10.551777515193082,NRAS,GTP
157,Y,16.058441944487623,NRAS,GTP
158,T,17.043965552942403,NRAS,GTP
159,L,15.209446903684034,NRAS,GTP
160,V,19.35248481502333,NRAS,GTP
161,R,19.907916304238626,NRAS,GTP
162,E,21.007124030505725,NRAS,GTP
163,I,19.70991902005866,NRAS,GTP
164,R,24.596068688165236,NRAS,GTP
165,Q,25.26486524283103,NRAS,GTP
166,Y,25.140285880520484,NRAS,GTP
1,M,25.743518286939068,NRAS,GDP
2,T,24.63822053727367,NRAS,GDP
3,E,22.560905993507138,NRAS,GDP
4,Y,18.45629966385048,NRAS,GDP
5,K,16.927885434742418,NRAS,GDP
6,L,13.18330326899324,NRAS,GDP
7,V,11.022426764961038,NRAS,GDP
8,V,6.8743688745137925,NRAS,GDP
9,V,7.01538204924629,NRAS,GDP
10,G,5.5158024805789685,NRAS,GDP
11,A,3.8356521934297567,NRAS,GDP
12,G,3.864516809818799,NRAS,GDP
13,G,2.8469813299824502,NRAS,GDP
14,V,3.2558136900816845,NRAS,GDP
15,G,3.0439338745208917,NRAS,GDP
16,K,2.815029912840518,NRAS,GDP
17,S,2.1179374495377243,NRAS,GDP
18,A,2.773955590608533,NRAS,GDP
19,L,5.003310274403231,NRAS,GDP
20,T,6.829877953238216,NRAS,GDP
21,I,7.302861013977764,NRAS,GDP
22,Q,8.062356338419836,NRAS,GDP
23,L,10.657584054046357,NRAS,GDP
24,I,12.099345705129206,NRAS,GDP
25,Q,11.601544030670512,NRAS,GDP
26,N,12.602888560793051,NRAS,GDP
27,H,8.947810222263742,NRAS,GDP
28,F,3.2223664608825744,NRAS,GDP
29,V,2.6709712168522968,NRAS,GDP
30,D,2.787115954382931,NRAS,GDP
31,E,3.952220738192083,NRAS,GDP
32,Y,3.584861151514436,NRAS,GDP
33,D,4.400090821403948,NRAS,GDP
34,P,4.4214249549735465,NRAS,GDP
35,T,5.760652069000455,NRAS,GDP
36,I,4.5310796081348865,NRAS,GDP
37,E,6.697433013220056,NRAS,GDP
38,D,8.031501911709578,NRAS,GDP
39,S,10.923672726280106,NRAS,GDP
40,Y,7.256449232943008,NRAS,GDP
41,R,14.639467798427324,NRAS,GDP
42,K,17.080913470857425,NRAS,GDP
43,Q,20.46130859482109,NRAS,GDP
44,V,18.72093581699617,NRAS,GDP
45,V,21.28298986752573,NRAS,GDP
46,I,20.298240202603242,NRAS,GDP
47,D,22.449161895163645,NRAS,GDP
48,G,25.367784937562302,NRAS,GDP
49,E,25.16763126446179,NRAS,GDP
50,T,26.014739968842388,NRAS,GDP
51,C,22.573824836731223,NRAS,GDP
52,L,20.457048669564745,NRAS,GDP
53,L,17.03186645244486,NRAS,GDP
54,D,14.789762067394463,NRAS,GDP
55,I,10.88798757988333,NRAS,GDP
56,L,9.094029758842636,NRAS,GDP
57,D,4.043713019047113,NRAS,GDP
58,T,4.499529783226514,NRAS,GDP
59,A,5.311524590883745,NRAS,GDP
60,G,6.934602473824957,NRAS,GDP
72,M,13.392801218552751,NRAS,GDP
73,R,17.646197288544343,NRAS,GDP
74,T,18.497889489159643,NRAS,GDP
75,G,17.405889876098836,NRAS,GDP
76,E,18.779379129345433,NRAS,GDP
77,G,15.240484726689065,NRAS,GDP
78,F,13.20835753113029,NRAS,GDP
79,L,9.566244833770565,NRAS,GDP
80,C,9.683516292883127,NRAS,GDP
81,V,6.332462133065934,NRAS,GDP
82,F,8.21649026441399,NRAS,GDP
83,A,7.412625128502464,NRAS,GDP
84,I,7.873209656740795,NRAS,GDP
85,N,6.8332818858802264,NRAS,GDP
86,N,8.97120134089623,NRAS,GDP
87,S,13.101134245541786,NRAS,GDP
88,K,11.842454361158369,NRAS,GDP
89,S,8.565947486971659,NRAS,GDP
90,F,11.430779485746834,NRAS,GDP
91,A,13.782463916047273,NRAS,GDP
92,D,10.786015059851627,NRAS,GDP
93,I,10.631731364723883,NRAS,GDP
94,N,14.594430496916829,NRAS,GDP
95,L,14.217494994761068,NRAS,GDP
96,Y,8.715528386547089,NRAS,GDP
97,R,14.412599065624644,NRAS,GDP
98,E,17.03306299764014,NRAS,GDP
99,Q,12.950780372110522,NRAS,GDP
100,I,13.80939623643619,NRAS,GDP
101,K,18.92465112402064,NRAS,GDP
102,R,18.69690903815779,NRAS,GDP
103,V,18.22058260001439,NRAS,GDP
104,K,19.921572256491714,NRAS,GDP
105,D,23.44562531308161,NRAS,GDP
106,S,22.730304660887132,NRAS,GDP
107,D,23.380260647338062,NRAS,GDP
108,D,23.252316379626315,NRAS,GDP
109,V,19.176319093181025,NRAS,GDP
110,P,17.719943144420537,NRAS,GDP
111,M,16.273197010360988,NRAS,GDP
112,V,13.225669770467468,NRAS,GDP
113,L,13.134521307862512,NRAS,GDP
114,V,8.653165267084047,NRAS,GDP
115,G,7.267338921830637,NRAS,GDP
116,N,3.034484110176392,NRAS,GDP
117,K,3.0718871595905366,NRAS,GDP
118,C,4.775922899010679,NRAS,GDP
119,D,2.6795517423501916,NRAS,GDP
120,L,3.551642440333421,NRAS,GDP
121,P,7.803596574997546,NRAS,GDP
122,T,8.089239816047662,NRAS,GDP
123,R,10.703693401039912,NRAS,GDP
124,T,12.638350940703232,NRAS,GDP
125,V,13.234633292014262,NRAS,GDP
126,D,15.461134543296826,NRAS,GDP
127,T,15.81633972256237,NRAS,GDP
128,K,18.14087833502382,NRAS,GDP
129,Q,17.707288465623726,NRAS,GDP
130,A,14.69635002437613,NRAS,GDP
131,H,16.670400724242434,NRAS,GDP
132,E,20.232278973245084,NRAS,GDP
133,L,16.00351424057219,NRAS,GDP
134,A,18.52236784528405,NRAS,GDP
135,K,21.529451632562118,NRAS,GDP
136,S,22.4656700304764,NRAS,GDP
137,Y,17.014267965974,NRAS,GDP
138,G,22.41930510657507,NRAS,GDP
139,I,17.07715278627908,NRAS,GDP
140,P,16.631055517678696,NRAS,GDP
141,F,12.341071093302737,NRAS,GDP
142,I,10.345206622553487,NRAS,GDP
143,E,8.429867847102296,NRAS,GDP
144,T,4.590606506465698,NRAS,GDP
145,S,3.336933719931324,NRAS,GDP
146,A,2.866115964480234,NRAS,GDP
147,K,3.4253998838296926,NRAS,GDP
148,T,5.540094255212889,NRAS,GDP
149,R,6.841414600198789,NRAS,GDP
150,Q,7.12476918634982,NRAS,GDP
151,G,9.36656549396528,NRAS,GDP
152,V,7.133428956139366,NRAS,GDP
153,E,11.492138037495268,NRAS,GDP
154,D,13.220843810473866,NRAS,GDP
155,A,11.171350656963869,NRAS,GDP
156,F,10.339116191132296,NRAS,GDP
157,Y,15.970812838703084,NRAS,GDP
158,T,16.881939836898127,NRAS,GDP
159,L,14.990203811088211,NRAS,GDP
160,V,19.206462996871778,NRAS,GDP
161,R,19.090676597052585,NRAS,GDP
162,E,20.807118743968033,NRAS,GDP
163,I,19.775011471410593,NRAS,GDP
164,R,24.571379764330818,NRAS,GDP
165,Q,26.420989640227923,NRAS,GDP
166,Y,25.187235037582465,NRAS,GDP
167,R,24.051752891722803,NRAS,GDP
