gene,uniprot_position,msa_position,aa_wt,total_samples,top_mutation,sasa_abs,sasa_rel,dist_active_site_angstrom,shannon_entropy,recurrent,n_members_mutated
KRAS,1,1,M,0,,101.90817630235406,0.4549472156355092,25.77790017718382,-0.0,False,0
KRAS,2,2,T,1,p.T2I,21.04459927497256,0.12235232136611952,24.25838176300284,-0.0,False,0
KRAS,3,3,E,1,p.E3K,72.1715441371354,0.3236392113772888,20.156042878557685,-0.0,False,0
KRAS,4,4,Y,0,,6.61232368631088,0.02514191515707559,18.543821138850337,-0.0,False,0
KRAS,5,5,K,6,p.K5E,39.92587271594195,0.1691774267624659,17.052412837504342,-0.0,False,0
KRAS,6,6,L,2,p.L6H,0.0,0.0,13.278990281343324,-0.0,False,0
KRAS,7,7,V,2,p.V7A,0.0,0.0,11.073938190652017,-0.0,False,0
KRAS,8,8,V,4,p.V8I,0.0,0.0,6.965780514056159,-0.0,False,0
KRAS,9,9,V,4,p.V9D,0.0,0.0,7.056783932953342,-0.0,False,0
KRAS,10,10,G,14,p.G10R,0.0,0.0,5.389509278450291,-0.0,False,1
KRAS,11,11,A,4,p.A11G,0.0,0.0,3.863675715313318,-0.0,False,0
KRAS,12,12,G,11564,p.G12D,9.927432785343743,0.09545608447445907,3.8449007431818454,-0.0,True,3
KRAS,13,13,G,1917,p.G13D,7.039994977429366,0.0676922593983593,2.8209254099624483,-0.0,True,3
KRAS,14,14,V,31,p.V14I,0.0,0.0,3.344395842399871,-0.0,False,1
KRAS,15,15,G,4,p.G15S,0.0,0.0,3.030140645902059,-0.0,False,0
KRAS,16,16,K,0,,0.0,0.0,2.77656334328956,-0.0,False,0
KRAS,17,17,S,3,p.S17N,0.0,0.0,2.085479526876179,-0.0,False,0
KRAS,18,18,A,15,p.A18D,0.0,0.0,2.851240731709203,-0.0,False,1
KRAS,19,19,L,40,p.L19F,0.0,0.0,5.120973974237426,-0.0,False,1
KRAS,20,20,T,9,p.T20M,0.0,0.0,6.9520461938615075,-0.0,False,0
KRAS,21,21,I,2,p.I21K,2.5484599605920395,0.012936344977624565,6.738028141100702,-0.0,False,0
KRAS,22,22,Q,24,p.Q22K,0.0,0.0,7.942216463831895,-0.0,False,1
KRAS,23,23,L,5,p.L23R,0.0,0.0,10.870690875169926,-0.0,False,0
KRAS,24,24,I,2,p.I24N,7.328606811329354,0.037201049803702306,12.272648765562979,-0.0,False,0
KRAS,25,25,Q,1,p.Q25H,70.44002393018286,0.3130667730230349,11.92452818189162,-0.0,False,0
KRAS,26,26,N,4,p.N26I,56.797695531081025,0.2912702334927232,13.020291040188422,-0.0,False,0
KRAS,27,27,H,2,p.H27L,75.83836081692296,0.3385641107898346,9.564250755213573,-0.0,False,0
KRAS,28,28,F,2,p.F28L,30.735130841494406,0.12806304517289335,3.7044950430948833,-0.0,False,0
KRAS,29,29,V,1,p.V29M,23.785626298859036,0.13669900171758068,4.114228074821515,-0.0,False,0
KRAS,30,30,D,1,p.D30A,91.71098123903187,0.47518643129032057,2.8962609622833404,-0.0,False,0
KRAS,31,31,E,6,p.E31K,135.28914391033118,0.606677775382651,4.9265462218083025,-0.0,False,0
KRAS,32,32,Y,0,,22.80293611681615,0.0867031791513922,3.8832133720498967,-0.0,False,0
KRAS,33,33,D,12,p.D33E,45.960495212369516,0.2381372808931063,4.326666232244581,-0.0,False,1
KRAS,34,34,P,10,p.P34L,43.90689892657094,0.27614401840610653,4.248732450663473,-0.0,False,1
KRAS,35,35,T,3,p.T35A,84.47169619002936,0.4911145127327288,5.608761430206431,-0.0,False,0
KRAS,36,36,I,4,p.I36M,32.730368902159896,0.16614400457949186,4.452075348113037,-0.0,False,0
KRAS,37,37,E,0,,15.367565420747201,0.06891284942039104,6.633082760192328,-0.0,False,0
KRAS,38,38,D,0,,34.06471639947501,0.17650112124080317,7.749621926020033,-0.0,False,0
KRAS,39,39,S,1,p.S39Y,3.214377072188161,0.020737916594762328,10.507914262718442,-0.0,False,0
KRAS,40,40,Y,0,,13.100441365469432,0.0498115641272602,8.418360857947725,-0.0,False,0
KRAS,41,41,R,2,p.R41K,62.17453135769995,0.22691434802080274,15.418239268606253,-0.0,False,0
KRAS,42,42,K,0,,7.645379881776119,0.032395677465153046,16.59940411653619,-0.0,False,0
KRAS,43,43,Q,0,,42.66183549247085,0.1896081577443149,20.583709698545043,-0.0,False,0
KRAS,44,44,V,1,p.V44E,26.783962327445135,0.1539308179738226,19.851006910064417,-0.0,False,0
KRAS,45,45,V,0,,81.93223375079722,0.4708749066137771,23.321037935594664,-0.0,False,0
KRAS,46,46,I,0,,4.247433267653399,0.02156057496270761,20.98246182819225,-0.0,False,0
KRAS,47,47,D,0,,71.97780840137384,0.3729420124423515,25.054409795000176,-0.0,False,0
KRAS,48,48,G,2,p.G48A,28.673705706803084,0.2757087087192604,27.89394916099891,-0.0,False,0
KRAS,49,49,E,1,p.E49K,91.23411260695818,0.4091215811971219,26.60918557634112,-0.0,False,0
KRAS,50,50,T,3,p.T50I,47.92039663886743,0.2786069572027176,26.41308048679533,-0.0,False,0
KRAS,51,51,C,3,p.C51R,0.0,0.0,22.933130887701147,-0.0,False,0
KRAS,52,52,L,2,p.L52F,35.01242180572752,0.17419115326232598,20.55631994753766,-0.0,False,0
KRAS,53,53,L,0,,0.0,0.0,17.07497813363237,-0.0,False,0
KRAS,54,54,D,2,p.D54G,2.142918048125441,0.011103202321893477,15.029943367023153,-0.0,False,0
KRAS,55,55,I,0,,0.0,0.0,11.242841850919234,-0.0,False,0
KRAS,56,56,L,0,,1.6989733070613597,0.008452603517718208,9.089217948419083,-0.0,False,0
KRAS,57,57,D,4,p.D57N,0.0,0.0,4.09676551894457,-0.0,False,0
KRAS,58,58,T,10,p.T58I,0.0,0.0,4.569866515353137,-0.0,False,1
KRAS,59,59,A,60,p.A59T,12.819105460155162,0.09937291054383847,5.353803958262088,-0.0,True,2
KRAS,60,60,G,15,p.G60D,11.268264529895866,0.10834869740284486,7.760514464223998,-0.0,False,1
KRAS,61,61,Q,542,p.Q61H,144.64057196582453,0.6428469865147757,10.684369947817311,-0.0,True,3
KRAS,62,62,E,4,p.E62K,22.329033148207436,0.10013019348971945,11.681690535838213,-0.0,False,0
KRAS,63,63,E,11,p.E63K,81.58839271804712,0.3658672319194938,15.09612556100039,-0.0,False,1
KRAS,64,64,Y,5,p.Y64H,76.18125937187696,0.2896625831630303,17.3880432224906,-0.0,False,0
KRAS,65,65,S,4,p.S65N,2.5484599605920395,0.01644167716510993,18.20786840538058,-0.0,False,0
KRAS,66,66,A,1,p.A66S,40.95586271697729,0.3174873078835449,19.29451676798681,-0.0,False,0
KRAS,67,67,M,1,p.M67I,53.647092789760734,0.239495949954289,15.879961772088329,-0.0,False,0
KRAS,68,68,R,8,p.R68S,37.504333098554945,0.13687712809691585,15.09450000115125,-0.0,False,0
KRAS,69,69,D,0,,4.285836096250882,0.022206404643786953,17.743501556057627,-0.0,False,0
KRAS,70,70,Q,1,p.Q70P,66.94388369607954,0.2975283719825757,18.307827762307827,-0.0,False,0
KRAS,71,71,Y,1,p.Y71C,0.0,0.0,11.442732311907644,-0.0,False,0
KRAS,72,72,M,1,p.M72V,0.0,0.0,14.093236723837844,-0.0,False,0
KRAS,73,73,R,2,p.R73M,58.97988348737634,0.21525504922400124,19.523952864646148,-0.0,False,0
KRAS,74,74,T,1,p.T74A,37.60235078934694,0.2186183185427148,18.471185008953334,-0.0,False,0
KRAS,75,75,G,0,,0.0,0.0,17.838970987197584,-0.0,False,0
KRAS,76,76,E,1,p.E76G,8.571672192501763,0.03843799189462674,18.925090804729226,-0.0,False,0
KRAS,77,77,G,1,p.G77S,0.0,0.0,15.202564706476169,-0.0,False,0
KRAS,78,78,F,0,,0.0,0.0,13.226865400338566,-0.0,False,0
KRAS,79,79,L,1,p.L79I,0.8494866535306799,0.004226301758859104,9.499830733055882,-0.0,False,0
KRAS,80,80,C,3,p.C80S,0.8494866535306799,0.005086746428327424,9.747590359963667,-0.0,False,0
KRAS,81,81,V,0,,0.0,0.0,6.372631340049978,-0.0,False,0
KRAS,82,82,F,1,p.F82V,0.8494866535306799,0.0035395277230444995,8.110452638186851,-0.0,False,0
KRAS,83,83,A,0,,0.0,0.0,7.303759370809289,-0.0,False,0
KRAS,84,84,I,2,p.I84M,0.0,0.0,8.09373604646604,-0.0,False,0
KRAS,85,85,N,1,p.N85H,19.67553089564997,0.10090015843923061,7.674200742245924,-0.0,False,0
KRAS,86,86,N,0,,16.28954746635212,0.08353614085308779,9.209355398497866,-0.0,False,0
KRAS,87,87,T,0,,42.074722090997376,0.24462047727324057,13.368312562362052,0.9182958340544896,False,0
KRAS,88,88,K,0,,120.48761808753716,0.5105407546082082,12.108929100424008,-0.0,False,0
KRAS,89,89,S,0,,0.0,0.0,8.78109850982276,-0.0,False,0
KRAS,90,90,F,0,,0.0,0.0,11.658946503611155,-0.0,False,0
KRAS,91,91,E,1,p.E91G,48.50895517296156,0.21752894696395317,14.046793762160426,0.9182958340544896,False,0
KRAS,92,92,D,1,p.D92Y,12.857508288752644,0.06661921393136085,10.467167700221502,-0.0,False,0
KRAS,93,93,I,1,p.I93F,0.0,0.0,11.000409912425349,-0.0,False,0
KRAS,94,94,H,0,,65.13453995591226,0.29077919623175114,15.459352836339859,0.9182958340544896,False,0
KRAS,95,95,H,1,p.H95L,58.14491099190524,0.259575495499577,13.916556283314117,1.584962500721156,False,0
KRAS,96,96,Y,0,,0.8494866535306799,0.0032299872757820527,8.625682251024108,-0.0,False,0
KRAS,97,97,R,0,,9.569291222834508,0.034924420521293825,15.572529346789398,-0.0,False,0
KRAS,98,98,E,0,,32.656076519087804,0.14643980501833095,18.196883726450537,-0.0,False,0
KRAS,99,99,Q,0,,12.136914898613446,0.053941843993837536,14.618723771747266,-0.0,False,0
KRAS,100,100,I,0,,0.0,0.0,14.193468916039489,-0.0,False,0
KRAS,101,101,K,0,,66.94800546564105,0.28367798926119087,19.570675937435183,-0.0,False,0
KRAS,102,102,R,2,p.R102I,112.91233342104795,0.4120888081060144,21.53100646999992,-0.0,False,0
KRAS,103,103,V,0,,5.813203046202552,0.03340921290921007,19.586028844092898,-0.0,False,0
KRAS,104,104,K,0,,0.0,0.0,20.06564235562374,-0.0,False,0
KRAS,105,105,D,0,,48.316388109667116,0.2503439798428348,24.36029336293471,-0.0,False,0
KRAS,106,106,S,0,,13.557517963825521,0.0874678578311324,23.886936594706494,-0.0,False,0
KRAS,107,107,E,1,p.E107K,49.811459487139885,0.22336977348493223,24.51953580207274,0.9182958340544896,False,0
KRAS,108,108,D,2,p.D108N,66.61151575970035,0.3451373873559604,23.59426443815351,-0.0,False,0
KRAS,109,109,V,0,,0.0,0.0,19.266942152184225,-0.0,False,0
KRAS,110,110,P,0,,0.0,0.0,17.64544332990659,-0.0,False,0
KRAS,111,111,M,3,p.M111V,0.0,0.0,16.40360327584492,-0.0,False,0
KRAS,112,112,V,0,,0.0,0.0,13.221548099373399,-0.0,False,0
KRAS,113,113,L,0,,0.0,0.0,13.004261296975718,-0.0,False,0
KRAS,114,114,V,0,,0.0,0.0,8.535880763921968,-0.0,False,0
KRAS,115,115,G,2,p.G115E,0.0,0.0,7.2414937355291835,-0.0,False,0
KRAS,116,116,N,4,p.N116H,0.0,0.0,3.059323602116886,-0.0,False,0
KRAS,117,117,K,104,p.K117N,10.682043340736014,0.04526289551159328,3.2132332649062954,-0.0,True,2
KRAS,118,118,C,1,p.C118S,15.836642903040003,0.09483019702419164,4.7237770303039115,-0.0,False,0
KRAS,119,119,D,8,p.D119H,7.597979531818757,0.039367769594915836,2.857186009242091,-0.0,False,0
KRAS,120,120,L,0,,23.46885322841227,0.11676046382294662,3.33715939248088,-0.0,False,0
KRAS,121,121,P,2,p.P121H,73.9556043396266,0.46512958704167673,7.133387735518938,0.9182958340544896,False,0
KRAS,122,122,S,1,p.S122F,77.54566562770162,0.5002946169529137,10.94496374381325,1.584962500721156,False,0
KRAS,123,123,R,1,p.R123I,15.367565420747201,0.056086005185208766,10.975925484109217,-0.0,False,0
KRAS,124,124,T,0,,50.37405589954474,0.292872418020609,13.292318637940765,-0.0,False,0
KRAS,125,125,V,1,p.V125I,0.0,0.0,13.318567492900323,-0.0,False,0
KRAS,126,126,D,2,p.D126E,68.75991274541366,0.35626897795551116,15.479228129287396,0.9182958340544896,False,0
KRAS,127,127,T,1,p.T127I,24.368705895365302,0.1416785226474727,13.887292522210336,0.9182958340544896,False,0
KRAS,128,128,K,0,,119.01986599978,0.5043214661007627,17.43652945520124,0.9182958340544896,False,0
KRAS,129,129,Q,0,,41.93929431488643,0.18639686362171748,17.86150229537389,-0.0,False,0
KRAS,130,130,A,2,p.A130V,0.0,0.0,14.83940007082345,-0.0,False,0
KRAS,131,131,Q,1,p.Q131E,29.342337154451904,0.13041038735311958,17.394928590599847,0.9182958340544896,False,0
KRAS,132,132,D,0,,15.320165070789841,0.07937909363103544,20.12845036225935,0.9182958340544896,False,0
KRAS,133,133,L,0,,3.2647430856105126,0.016242502913485137,16.96106563867924,-0.0,False,0
KRAS,134,134,A,2,p.A134T,0.0,0.0,18.453064784611954,-0.0,False,0
KRAS,135,135,R,3,p.R135K,122.79642479414277,0.4481621342851926,21.464656828674922,0.9182958340544896,False,0
KRAS,136,136,S,1,p.S136N,69.82292716842352,0.4504704978607969,22.3393429316527,-0.0,False,0
KRAS,137,137,Y,0,,43.22002110879007,0.16433468102201548,17.839738536792986,-0.0,False,0
KRAS,138,138,G,3,p.G138E,61.751421659114484,0.5937636697991777,22.786108743905714,-0.0,False,0
KRAS,139,139,I,0,,2.4152564320798326,0.012260184934415394,17.31027143095943,-0.0,False,0
KRAS,140,140,P,2,p.P140S,24.87921470157364,0.15647304843757007,16.727459237829606,-0.0,False,0
KRAS,141,141,F,0,,2.0571148695705963,0.008571311956544151,12.603648935390378,0.9182958340544896,False,0
KRAS,142,142,I,0,,0.0,0.0,10.39706575033514,-0.0,False,0
KRAS,143,143,E,2,p.E143G,12.635535918220604,0.056661596045832305,8.377769710616928,-0.0,False,0
KRAS,144,144,T,1,p.T144P,0.0,0.0,4.563440280081316,-0.0,False,0
KRAS,145,145,S,1,p.S145L,0.0,0.0,3.383935011162722,-0.0,False,0
KRAS,146,146,A,346,p.A146T,0.0,0.0,2.783884429327687,-0.0,True,2
KRAS,147,147,K,5,p.K147N,68.29180287365816,0.2893720460748227,3.70630422421404,-0.0,False,0
KRAS,148,148,T,1,p.T148S,57.71166023223398,0.33553290832694177,5.853775788495308,-0.0,False,0
KRAS,149,149,R,2,p.R149G,38.395012314959494,0.14012778217138502,6.971547098939837,-0.0,False,0
KRAS,150,150,Q,0,,77.42220103641556,0.344098671272958,7.266998712409939,-0.0,False,0
KRAS,151,151,R,0,,5.096919921184079,0.04900884539600076,9.499448660402171,0.9182958340544896,False,0
KRAS,152,152,V,0,,0.0,0.0,7.1026434172626205,-0.0,False,0
KRAS,153,153,E,0,,28.547778106876592,0.14791594874029323,11.513915561010197,-0.0,False,0
KRAS,154,154,D,1,p.D154N,47.74527169798573,0.24738482745070325,13.27097109801086,-0.0,False,0
KRAS,155,155,A,1,p.A155D,0.0,0.0,11.38065426887155,-0.0,False,0
KRAS,156,156,F,1,p.F156L,0.0,0.0,10.598397351160289,-0.0,False,0
KRAS,157,157,Y,0,,32.8635724306721,0.12495654916605362,16.095055767616483,-0.0,False,0
KRAS,158,158,T,2,p.T158A,9.38275601743496,0.054550907078110236,17.118378199736366,-0.0,False,0
KRAS,159,159,L,1,p.L159S,0.0,0.0,14.79505498766108,-0.0,False,0
KRAS,160,160,V,0,,0.0,0.0,19.125164553751404,-0.0,False,0
KRAS,161,161,R,1,p.R161G,57.27406150833015,0.20902942156324872,20.370552767052295,-0.0,False,0
KRAS,162,162,E,4,p.E162Q,3.214377072188161,0.014414246960485027,20.7120771167495,-0.0,False,0
KRAS,163,163,I,1,p.I163S,0.0,0.0,19.171756728855684,-0.0,False,0
KRAS,164,164,R,2,p.R164Q,17.233834819797522,0.06289720737152381,24.147324835915015,-0.0,False,0
KRAS,165,165,Q,0,,87.22146940786345,0.36958249749094685,25.059942807102015,-0.0,False,0
KRAS,166,166,Y,0,,36.347887710027315,0.16226735584833624,24.904981243036577,0.9182958340544896,False,0
HRAS,1,1,M,0,,133.01527171403353,0.5938181772947926,25.902421963476524,-0.0,False,0
HRAS,2,2,T,2,p.T2K,30.725957390945926,0.17863928715666236,24.36835015452933,-0.0,False,0
HRAS,3,3,E,3,p.E3K,35.902824561978555,0.16099921328241504,20.3828221378863,-0.0,False,0
HRAS,4,4,Y,1,p.Y4H,0.0,0.0,18.181730708520774,-0.0,False,0
HRAS,5,5,K,0,,49.89571700210918,0.21142252966995415,16.776721288598736,-0.0,False,0
HRAS,6,6,L,0,,1.2076282160399163,0.0060081005773130166,13.058516758459758,-0.0,False,0
HRAS,7,7,V,1,p.V7L,0.0,0.0,11.235352319668749,-0.0,False,0
HRAS,8,8,V,0,,1.2076282160399163,0.0069403920462064155,7.134103172581771,-0.0,False,0
HRAS,9,9,V,1,p.V9M,0.0,0.0,7.232286349314064,-0.0,False,0
HRAS,10,10,G,2,p.G10A,0.0,0.0,4.785087267623501,-0.0,False,1
HRAS,11,11,A,3,p.A11T,0.0,0.0,3.9111452868062844,-0.0,False,0
HRAS,12,12,G,195,p.G12S,1.0714590240627204,0.010302490615987696,3.460249983150503,-0.0,True,3
HRAS,13,13,G,323,p.G13R,0.0,0.0,3.100714764429057,-0.0,True,3
HRAS,14,14,V,1,p.V14G,0.0,0.0,3.2269078438560412,-0.0,False,1
HRAS,15,15,G,1,p.G15D,0.0,0.0,2.9971299393077406,-0.0,False,0
HRAS,16,16,K,2,p.K16R,0.0,0.0,2.6331743430091556,-0.0,False,0
HRAS,17,17,S,3,p.S17G,1.0714590240627204,0.006912638864920777,2.136007293911835,-0.0,False,0
HRAS,18,18,A,1,p.A18V,0.0,0.0,2.808894778027455,-0.0,False,1
HRAS,19,19,L,0,,2.4152564320798326,0.012016201154626033,5.03644356525322,-0.0,False,1
HRAS,20,20,T,1,p.T20I,0.0,0.0,6.936707619843363,-0.0,False,0
HRAS,21,21,I,0,,2.4152564320798326,0.012260184934415394,6.690284345979162,-0.0,False,0
HRAS,22,22,Q,2,p.Q22K,0.0,0.0,8.168110490783533,-0.0,False,1
HRAS,23,23,L,0,,0.0,0.0,10.694239806485019,-0.0,False,0
HRAS,24,24,I,0,,17.161238896758373,0.08711288780080392,12.271722456971188,-0.0,False,0
HRAS,25,25,Q,1,p.Q25H,60.72689802929641,0.2698973245746507,11.75498389802717,-0.0,False,0
HRAS,26,26,N,1,p.N26D,37.147083748359336,0.19049786537620172,12.750703301354976,-0.0,False,0
HRAS,27,27,H,0,,41.69678849477053,0.186146377208797,8.994982203757566,-0.0,False,0
HRAS,28,28,F,0,,0.0,0.0,3.225460239486906,-0.0,False,0
HRAS,29,29,V,0,,4.830512864159665,0.027761568184825662,2.6856298633025895,-0.0,False,0
HRAS,30,30,D,0,,15.294894099484363,0.07924815595587753,2.817266957498665,-0.0,False,0
HRAS,31,31,E,5,p.E31K,71.26097235604834,0.3195559298477504,3.5501746199932884,-0.0,False,0
HRAS,32,32,Y,1,p.Y32C,24.01639512882113,0.09131709174456704,3.7728801395336893,-0.0,False,0
HRAS,33,33,D,3,p.D33N,30.545529441664957,0.15826699192572516,4.40485414500747,-0.0,False,1
HRAS,34,34,P,1,p.P34S,18.114423240598747,0.11392719019244495,3.4308424065589262,-0.0,False,1
HRAS,35,35,T,0,,0.0,0.0,2.1564733261826095,-0.0,False,0
HRAS,36,36,I,1,p.I36V,25.36019253683824,0.12873194181136163,5.6722235141004385,-0.0,False,0
HRAS,37,37,E,0,,2.279087240102637,0.010220122152926623,7.495350616907767,-0.0,False,0
HRAS,38,38,D,0,,9.915469600518875,0.05137549015812889,6.256581722298039,-0.0,False,0
HRAS,39,39,S,0,,6.038141080199582,0.03895574890451343,10.186535972371834,-0.0,False,0
HRAS,40,40,Y,0,,15.42682842456452,0.058657142298724416,7.805595338814784,-0.0,False,0
HRAS,41,41,R,4,p.R41Q,119.25644049296596,0.43524248355097067,14.964578328830576,-0.0,False,0
HRAS,42,42,K,0,,35.202488161269706,0.14916308542910892,17.432550042711455,-0.0,False,0
HRAS,43,43,Q,0,,81.26588938260022,0.36118173058933434,20.757019297562884,-0.0,False,0
HRAS,44,44,V,1,p.V44M,3.622884648119749,0.02082117613861925,19.601621131285487,-0.0,False,0
HRAS,45,45,V,0,,39.71556193734004,0.22825035596172438,22.554872443903914,-0.0,False,0
HRAS,46,46,I,0,,0.0,0.0,20.585896962099525,-0.0,False,0
HRAS,47,47,D,0,,78.13402309986593,0.4048394979267665,23.532329825531647,-0.0,False,0
HRAS,48,48,G,3,p.G48R,15.585126995193603,0.14985699033840003,26.78975192561118,-0.0,False,0
HRAS,49,49,E,2,p.E49K,20.902398225100473,0.09373272746681827,26.07909279864269,-0.0,False,0
HRAS,50,50,T,3,p.T50M,26.940539305300057,0.15663104247267476,26.618215830382653,-0.0,False,0
HRAS,51,51,C,0,,0.0,0.0,22.925829602483688,-0.0,False,0
HRAS,52,52,L,0,,20.529679672678576,0.10213770981432127,20.356071574608006,-0.0,False,0
HRAS,53,53,L,1,p.L53M,1.2076282160399163,0.0060081005773130166,16.93487800780807,-0.0,False,0
HRAS,54,54,D,1,p.D54N,4.285836096250882,0.022206404643786953,14.88902837258313,-0.0,False,0
HRAS,55,55,I,0,,0.0,0.0,10.860041996860781,-0.0,False,0
HRAS,56,56,L,0,,0.0,0.0,8.981817084005007,-0.0,False,0
HRAS,57,57,D,1,p.D57N,0.0,0.0,4.044037143704981,-0.0,False,0
HRAS,58,58,T,2,p.T58A,0.0,0.0,4.1906078994593035,-0.0,False,1
HRAS,59,59,A,9,p.A59T,0.0,0.0,3.9274048517682187,-0.0,True,2
HRAS,60,60,G,6,p.G60D,0.0,0.0,2.7762060390060985,-0.0,False,1
HRAS,61,61,Q,365,p.Q61R,42.335901537846226,0.18815956239042766,4.145946027922282,-0.0,True,3
HRAS,62,62,E,0,,94.44245782125144,0.4235087794674952,7.566423492829375,-0.0,False,0
HRAS,63,63,E,0,,122.78047806983315,0.5505851034521666,8.693175303363377,-0.0,False,1
HRAS,64,64,Y,3,p.Y64H,66.48414302715321,0.2527914183541947,7.7564871717619885,-0.0,False,0
HRAS,65,65,S,0,,29.61023960957943,0.19103380393277053,10.319569402632434,-0.0,False,0
HRAS,66,66,A,2,p.A66T,61.84348289023528,0.479406844110351,12.69744050876066,-0.0,False,0
HRAS,67,67,M,0,,27.775448968918077,0.12399754003981285,10.690059351230026,-0.0,False,0
HRAS,68,68,R,4,p.R68W,26.246121665150575,0.09578876520127948,8.718790470055852,-0.0,False,0
HRAS,69,69,D,3,p.D69H,65.53095868331283,0.33953864602752765,14.821874473576749,-0.0,False,0
HRAS,70,70,Q,0,,71.06273785960683,0.31583439048714146,16.13469565876334,-0.0,False,0
HRAS,71,71,Y,1,p.Y71H,0.0,0.0,9.221478620324977,-0.0,False,0
HRAS,72,72,M,2,p.M72I,0.0,0.0,12.734841505536798,-0.0,False,0
HRAS,73,73,R,6,p.R73C,128.3889749387278,0.4685729012362329,17.783228273044024,-0.0,False,0
HRAS,74,74,T,2,p.T74A,34.98542924164788,0.2034036583816737,18.29204765967386,-0.0,False,0
HRAS,75,75,G,1,p.G75E,1.0714590240627204,0.010302490615987696,17.29286087463619,-0.0,False,0
HRAS,76,76,E,0,,28.674949777493907,0.12858721873315654,18.615072523904313,-0.0,False,0
HRAS,77,77,G,0,,0.0,0.0,15.29961218776437,-0.0,False,0
HRAS,78,78,F,0,,0.0,0.0,13.39894021222732,-0.0,False,0
HRAS,79,79,L,0,,2.4152564320798326,0.012016201154626033,9.591924430307483,-0.0,False,0
HRAS,80,80,C,0,,3.7812209178606757,0.022642041424315425,9.840953086848442,-0.0,False,0
HRAS,81,81,V,2,p.V81M,0.0,0.0,6.418809400498948,-0.0,False,0
HRAS,82,82,F,0,,0.0,0.0,8.225736032388362,-0.0,False,0
HRAS,83,83,A,1,p.A83D,0.0,0.0,7.338853987569173,-0.0,False,0
HRAS,84,84,I,0,,0.0,0.0,8.117362546264548,-0.0,False,0
HRAS,85,85,N,0,,23.77126293724683,0.1219039124987017,7.0569828839993285,-0.0,False,0
HRAS,86,86,N,1,p.N86S,2.3012166187545233,0.011801110865407811,8.921084331339195,-0.0,False,0
HRAS,87,87,T,0,,27.595862966468268,0.16044106375853645,13.45081459992144,0.9182958340544896,False,0
HRAS,88,88,K,1,p.K88E,56.55086687947379,0.23962231728590588,12.111343712398327,-0.0,False,0
HRAS,89,89,S,1,p.S89T,0.0,0.0,8.714661808194181,-0.0,False,0
HRAS,90,90,F,1,p.F90C,26.567820752878156,0.11069925313699232,11.599998951416792,-0.0,False,0
HRAS,91,91,E,3,p.E91Q,57.09545568278827,0.25603343355510433,13.96183303697942,0.9182958340544896,False,0
HRAS,92,92,D,2,p.D92N,12.194556840621512,0.06318423233482649,10.111618511355942,-0.0,False,0
HRAS,93,93,I,0,,3.622884648119749,0.018390277401623092,10.723562995074852,-0.0,False,0
HRAS,94,94,H,0,,71.27048509860342,0.3181718084759081,14.934717352490317,0.9182958340544896,False,0
HRAS,95,95,Q,0,,96.22376598857808,0.42766118217145815,14.120082884221732,1.584962500721156,False,0
HRAS,96,96,Y,0,,4.830512864159665,0.018366969065245875,6.8988509042246475,-0.0,False,0
HRAS,97,97,R,0,,18.59100284614832,0.06785037535090628,14.849533858108256,-0.0,False,0
HRAS,98,98,E,0,,42.603917090309274,0.191048955561925,17.228196129638384,-0.0,False,0
HRAS,99,99,Q,1,p.Q99E,15.475322048765335,0.06877920910562371,14.062734474108726,-0.0,False,0
HRAS,100,100,I,0,,0.0,0.0,14.361057750824333,-0.0,False,0
HRAS,101,101,K,0,,44.88648521507209,0.19019697125030546,19.16027658433412,-0.0,False,0
HRAS,102,102,R,1,p.R102L,111.52985672427985,0.4070432727163498,17.959490123613197,-0.0,False,0
HRAS,103,103,V,0,,19.16798775290662,0.11016084915463574,18.47918526972778,-0.0,False,0
HRAS,104,104,K,0,,49.293988911611194,0.20887283437123388,19.934685689891477,-0.0,False,0
HRAS,105,105,D,0,,84.66315741270975,0.4386692093922785,23.660531402259856,-0.0,False,0
HRAS,106,106,S,2,p.S106L,37.53685486570491,0.2421732571980962,23.307968513099066,-0.0,False,0
HRAS,107,107,D,1,p.D107G,88.2562848952147,0.45728645023427306,24.37426106820284,0.9182958340544896,False,0
HRAS,108,108,D,0,,80.78582889239046,0.4185794243129039,23.62216405651289,-0.0,False,0
HRAS,109,109,V,2,p.V109M,3.622884648119749,0.02082117613861925,19.60881448746628,-0.0,False,0
HRAS,110,110,P,0,,1.2076282160399163,0.007595146012829662,17.90607366263921,-0.0,False,0
HRAS,111,111,M,0,,1.2867963509103797,0.005744626566564195,16.842900050975594,-0.0,False,0
HRAS,112,112,V,0,,0.0,0.0,13.428886033426222,-0.0,False,0
HRAS,113,113,L,0,,1.2076282160399163,0.0060081005773130166,13.201624955271821,-0.0,False,0
HRAS,114,114,V,0,,0.0,0.0,8.694385557240313,-0.0,False,0
HRAS,115,115,G,0,,0.0,0.0,7.292920029301159,-0.0,False,0
HRAS,116,116,N,0,,0.0,0.0,3.150703106635508,-0.0,False,0
HRAS,117,117,K,16,p.K117N,0.0,0.0,3.284700595002733,-0.0,True,2
HRAS,118,118,C,2,p.C118Y,15.000426336878085,0.08982291219687476,4.856282849563287,-0.0,False,0
HRAS,119,119,D,7,p.D119N,23.708267721357046,0.12284076539563236,2.7988706973823017,-0.0,False,0
HRAS,120,120,L,1,p.L120V,17.97825404862155,0.08944404999314204,3.6202241438446663,-0.0,False,0
HRAS,121,121,A,0,,54.30748069828654,0.4209882224673375,7.918946983056922,0.9182958340544896,False,0
HRAS,122,122,A,1,p.A122T,51.269296708482315,0.39743640859288615,9.46426813315602,1.584962500721156,False,0
HRAS,123,123,R,3,p.R123H,42.71117106350283,0.15588018636314901,10.91975986746821,-0.0,False,0
HRAS,124,124,T,1,p.T124I,43.33844658545979,0.2519677127061616,13.148370508069606,-0.0,False,0
HRAS,125,125,V,0,,0.0,0.0,13.356006614053145,-0.0,False,0
HRAS,126,126,E,0,,55.070812314885174,0.24695431531338644,15.578982759075616,0.9182958340544896,False,0
HRAS,127,127,S,0,,28.14816752133997,0.18160108078283851,15.41314686839338,0.9182958340544896,False,0
HRAS,128,128,R,0,,101.09268168133525,0.3689513929975739,17.810189631357705,0.9182958340544896,False,0
HRAS,129,129,Q,0,,38.61771353498718,0.1716342823777208,17.97377433431984,-0.0,False,0
HRAS,130,130,A,1,p.A130T,0.0,0.0,14.994902295909247,-0.0,False,0
HRAS,131,131,Q,2,p.Q131E,53.41474059710124,0.23739884709822776,17.641035049509366,0.9182958340544896,False,0
HRAS,132,132,D,1,p.D132V,40.07038597800709,0.20761858019692792,20.337640355314,0.9182958340544896,False,0
HRAS,133,133,L,0,,26.567820752878163,0.1321782127008864,16.387581535437448,-0.0,False,0
HRAS,134,134,A,3,p.A134S,0.0,0.0,18.59407463890497,-0.0,False,0
HRAS,135,135,R,1,p.R135Q,148.92288947830343,0.5435141951762898,21.60752768355921,0.9182958340544896,False,0
HRAS,136,136,S,0,,30.018747185511018,0.19366933668071623,21.916117768720614,-0.0,False,0
HRAS,137,137,Y,1,p.Y137D,7.245769296239498,0.027550453597868813,17.355589116575945,-0.0,False,0
HRAS,138,138,G,0,,20.78412354487812,0.19984734177767424,22.728012045664627,-0.0,False,0
HRAS,139,139,I,0,,9.252518152387744,0.04696709722024235,17.34752438325323,-0.0,False,0
HRAS,140,140,P,0,,21.623268075393185,0.13599539670058608,16.790377812439903,-0.0,False,0
HRAS,141,141,Y,0,,36.10538188991141,0.1372828208741879,11.657416115796286,0.9182958340544896,False,0
HRAS,142,142,I,0,,20.529679672678576,0.10421157194253085,10.592677233979813,-0.0,False,0
HRAS,143,143,E,3,p.E143K,18.185046243451445,0.08154729257153115,8.435343483905504,-0.0,False,0
HRAS,144,144,T,1,p.T144I,0.0,0.0,4.61621572158761,-0.0,False,0
HRAS,145,145,S,2,p.S145L,0.0,0.0,3.4337288705350524,-0.0,False,0
HRAS,146,146,A,3,p.A146T,0.0,0.0,2.838515584201263,-0.0,True,2
HRAS,147,147,K,1,p.K147N,57.9652872903436,0.24561562411162544,3.574833377665673,-0.0,False,0
HRAS,148,148,T,1,p.T148A,66.36586834693085,0.3858480717844817,5.697545338197694,-0.0,False,0
HRAS,149,149,R,0,,25.74741268094911,0.0939686594195223,6.981852235664389,-0.0,False,0
HRAS,150,150,Q,0,,43.65756956721145,0.1940336425209398,7.276522846097991,-0.0,False,0
HRAS,151,151,G,0,,0.0,0.0,9.51340898833611,0.9182958340544896,False,0
HRAS,152,152,V,1,p.V152L,1.0714590240627204,0.006157810483119083,7.08760781792513,-0.0,False,0
HRAS,153,153,E,0,,30.137021865733367,0.13514359581046353,11.488302546655818,-0.0,False,0
HRAS,154,154,D,0,,23.726162233111893,0.12293348307311862,13.170493721703366,-0.0,False,0
HRAS,155,155,A,0,,2.4152564320798326,0.018722918078138237,11.190226358494812,-0.0,False,0
HRAS,156,156,F,2,p.F156L,3.622884648119749,0.015095352700498953,10.374248858635305,-0.0,False,0
HRAS,157,157,Y,0,,4.830512864159665,0.018366969065245875,15.955380761404767,-0.0,False,0
HRAS,158,158,T,0,,2.142918048125441,0.012458825861194423,16.757111703200028,-0.0,False,0
HRAS,159,159,L,0,,1.2076282160399163,0.0060081005773130166,14.93002723786394,-0.0,False,0
HRAS,160,160,V,0,,0.0,0.0,19.28180230880003,-0.0,False,0
HRAS,161,161,R,1,p.R161H,35.72587749735777,0.13038641422393346,19.480600897899386,-0.0,False,0
HRAS,162,162,E,1,p.E162K,4.285836096250882,0.01921899594731337,20.690928097199553,-0.0,False,0
HRAS,163,163,I,0,,1.0714590240627204,0.0054388782947346215,19.660685619194528,-0.0,False,0
HRAS,164,164,R,2,p.R164Q,57.02567462676674,0.20812290009768883,24.480436111401318,-0.0,False,0
HRAS,165,165,Q,0,,54.83510490127165,0.2437115773389851,24.522692680331502,-0.0,False,0
HRAS,166,166,H,0,,102.43546121333259,0.45730116613094907,23.87960026630066,0.9182958340544896,False,0
NRAS,1,1,M,0,,102.5028546589374,0.4576020297273991,24.87585857564251,-0.0,False,0
NRAS,2,2,T,0,,50.57479110373852,0.2940394831612705,23.863532583963362,-0.0,False,0
NRAS,3,3,E,1,p.E3A,46.842101509190506,0.21005426685735654,21.749862599520903,-0.0,False,0
NRAS,4,4,Y,1,p.Y4D,2.4152564320798326,0.009183484532622938,17.77639050997843,-0.0,False,0
NRAS,5,5,K,0,,49.03020822604519,0.2077551196018864,16.574953406615702,-0.0,False,0
NRAS,6,6,L,0,,1.2076282160399163,0.0060081005773130166,12.837994700489787,-0.0,False,0
NRAS,7,7,V,0,,0.0,0.0,11.107195376184915,-0.0,False,0
NRAS,8,8,V,0,,0.0,0.0,7.13619749315004,-0.0,False,0
NRAS,9,9,V,1,p.V9I,2.4152564320798326,0.013880784092412831,7.12312939971935,-0.0,False,0
NRAS,10,10,G,1,p.G10V,0.0,0.0,4.838148252897466,-0.0,False,1
NRAS,11,11,A,0,,0.0,0.0,3.8288158451208947,-0.0,False,0
NRAS,12,12,G,728,p.G12D,15.562997616541717,0.14964420785136265,3.406299149049768,-0.0,True,3
NRAS,13,13,G,364,p.G13D,9.546985914994021,0.09179794149032713,3.093723058260794,-0.0,True,3
NRAS,14,14,V,1,p.V14I,0.0,0.0,3.2849272184976517,-0.0,False,1
NRAS,15,15,G,1,p.G15V,0.0,0.0,3.11667787956104,-0.0,False,0
NRAS,16,16,K,1,p.K16E,0.0,0.0,2.6991408084855246,-0.0,False,0
NRAS,17,17,S,2,p.S17N,0.0,0.0,2.098331582795348,-0.0,False,0
NRAS,18,18,A,1,p.A18V,0.0,0.0,2.810653257688794,-0.0,False,1
NRAS,19,19,L,0,,2.4152564320798326,0.012016201154626033,5.079272757152188,-0.0,False,1
NRAS,20,20,T,1,p.T20K,0.0,0.0,6.969520037780573,-0.0,False,0
NRAS,21,21,I,0,,10.868653944359247,0.05517083220486927,6.447697331206094,-0.0,False,0
NRAS,22,22,Q,3,p.Q22K,1.0935884027146072,0.00486039290095381,8.033398309559052,-0.0,False,1
NRAS,23,23,L,0,,1.0714590240627204,0.005330641910759803,10.620800529251218,-0.0,False,0
NRAS,24,24,I,2,p.I24F,15.154490040610128,0.07692634538380776,12.201148161719328,-0.0,False,0
NRAS,25,25,Q,0,,90.03927695620368,0.40017456424979414,11.468773150844303,-0.0,False,0
NRAS,26,26,N,0,,41.245706055197495,0.2115164413087051,12.461273237265864,-0.0,False,0
NRAS,27,27,H,0,,69.42542773315012,0.3099349452372773,8.968417094634638,-0.0,False,0
NRAS,28,28,F,0,,0.0,0.0,3.3059711439808934,-0.0,False,0
NRAS,29,29,V,1,p.V29L,32.86040570527729,0.1888529063521683,4.6789598122273475,-0.0,False,0
NRAS,30,30,D,0,,34.55902715396145,0.1790623168599039,3.1953401663043763,-0.0,False,0
NRAS,31,31,E,0,,21.737307888718494,0.09747671698976904,3.4883025543429667,-0.0,False,0
NRAS,32,32,Y,0,,126.84765931739418,0.48231049170111856,4.623226018214415,-0.0,False,0
NRAS,33,33,D,2,p.D33H,17.551851960935114,0.09094223813956018,4.2364208857943035,-0.0,False,1
NRAS,34,34,P,3,p.P34A,21.73730788871849,0.1367126282309339,3.594707666461865,-0.0,False,1
NRAS,35,35,T,0,,0.0,0.0,2.1460493586791145,-0.0,False,0
NRAS,36,36,I,1,p.I36M,64.00429545011556,0.32489490076200794,5.737208044377705,-0.0,False,0
NRAS,37,37,E,0,,32.143770721881616,0.1441424696048503,7.493967152579345,-0.0,False,0
NRAS,38,38,D,0,,7.908720744370631,0.04097782769103954,6.260987582273541,-0.0,False,0
NRAS,39,39,S,0,,39.95634616468178,0.25778287848181797,10.132453502286985,-0.0,False,0
NRAS,40,40,Y,1,p.Y40D,25.069959641129003,0.09532304046056655,7.700767712231373,-0.0,False,0
NRAS,41,41,R,1,p.R41I,96.2476672254866,0.35126885848717737,14.807580770145744,-0.0,False,0
NRAS,42,42,K,0,,38.094324198899116,0.16141662796143694,17.041723350566624,-0.0,False,0
NRAS,43,43,Q,1,p.Q43R,107.35287053029056,0.4771238690235136,20.259229401897418,-0.0,False,0
NRAS,44,44,V,0,,0.0,0.0,19.26338679626332,-0.0,False,0
NRAS,45,45,V,1,p.V45G,44.6822439934769,0.25679450570963736,22.479395937460588,-0.0,False,0
NRAS,46,46,I,0,,0.0,0.0,20.34126995607077,-0.0,False,0
NRAS,47,47,D,1,p.D47A,82.556028388094,0.42775144242535756,23.573288229415315,-0.0,False,0
NRAS,48,48,G,3,p.G48S,62.198306930902326,0.5980606435663686,26.69155260745881,-0.0,False,0
NRAS,49,49,E,2,p.E49K,20.78412354487812,0.09320234773487947,25.95125077883399,-0.0,False,0
NRAS,50,50,T,3,p.T50I,70.94617220578802,0.4124777453824885,26.189090145644077,-0.0,False,0
NRAS,51,51,C,0,,0.0,0.0,22.460447032768954,-0.0,False,0
NRAS,52,52,L,1,p.L52W,15.699166808518912,0.07810530750506922,19.867079790210514,-0.0,False,0
NRAS,53,53,L,1,p.L53F,1.0714590240627204,0.005330641910759803,16.419811244081366,-0.0,False,0
NRAS,54,54,D,5,p.D54G,14.06513650479256,0.07287635494711171,14.641488744591836,-0.0,False,0
NRAS,55,55,I,1,p.I55V,0.0,0.0,10.520127679641899,-0.0,False,0
NRAS,56,56,L,0,,9.66102572831933,0.04806480461850413,8.933723400883895,-0.0,False,0
NRAS,57,57,D,4,p.D57N,0.0,0.0,3.9395090283274206,-0.0,False,0
NRAS,58,58,T,1,p.T58I,0.0,0.0,4.158579485747161,-0.0,False,1
NRAS,59,59,A,12,p.A59T,0.0,0.0,3.9729366266745787,-0.0,True,2
NRAS,60,60,G,9,p.G60E,4.285836096250882,0.04120996246395078,2.9171235255010974,-0.0,False,1
NRAS,61,61,Q,1517,p.Q61R,38.416023286626704,0.17073788127389647,4.743285009020794,-0.0,True,3
NRAS,62,62,E,6,p.E62Q,88.13980720599021,0.39524577222417134,8.245298134229158,-0.0,False,0
NRAS,63,63,E,4,p.E63K,93.41281967859331,0.41889156806544087,10.263439607410017,-0.0,False,1
NRAS,64,64,Y,7,p.Y64D,57.231624874765465,0.21761074096869,8.051779281247542,-0.0,False,0
NRAS,65,65,S,2,p.S65N,38.50793372130013,0.24843828207290405,10.916649570846795,-0.0,False,0
NRAS,66,66,A,2,p.A66T,71.04834936525337,0.5507623981802587,13.468017079890629,-0.0,False,0
NRAS,67,67,M,2,p.M67I,74.55299703226262,0.3328258796083153,11.36084437658745,-0.0,False,0
NRAS,68,68,R,2,p.R68T,18.81908247279894,0.06868278274744138,7.880435346143226,-0.0,False,0
NRAS,69,69,D,0,,64.57777433947246,0.3345998670438987,13.76205249885994,-0.0,False,0
NRAS,70,70,Q,0,,76.4754255415885,0.3398907801848378,16.125628481144304,-0.0,False,0
NRAS,71,71,Y,1,p.Y71C,23.998500617066284,0.09124905177591743,13.720280822583135,-0.0,False,0
NRAS,72,72,M,1,p.M72I,2.4152564320798326,0.010782394786070681,12.564381383849781,-0.0,False,0
NRAS,73,73,R,0,,53.50836005817822,0.19528598561378913,17.24378817586505,-0.0,False,0
NRAS,74,74,T,1,p.T74S,62.370265146389215,0.362617820618542,17.823841963019937,-0.0,False,0
NRAS,75,75,G,0,,0.0,0.0,17.2926541870669,-0.0,False,0
NRAS,76,76,E,3,p.E76K,24.661452065197416,0.11058947114438303,18.653200029687174,-0.0,False,0
NRAS,77,77,G,1,p.G77C,0.0,0.0,15.295454700628994,-0.0,False,0
NRAS,78,78,F,0,,0.0,0.0,13.376838579090116,-0.0,False,0
NRAS,79,79,L,0,,1.2076282160399163,0.0060081005773130166,9.741198596384432,-0.0,False,0
NRAS,80,80,C,0,,1.2076282160399163,0.0072313066828737504,9.798146466770945,-0.0,False,0
NRAS,81,81,V,0,,0.0,0.0,6.448246290617098,-0.0,False,0
NRAS,82,82,F,0,,1.2076282160399163,0.005031784233499651,8.248424502735606,-0.0,False,0
NRAS,83,83,A,1,p.A83G,0.0,0.0,7.315526407971787,-0.0,False,0
NRAS,84,84,I,1,p.I84T,0.0,0.0,7.959153664633753,-0.0,False,0
NRAS,85,85,N,3,p.N85S,5.4458126349211495,0.02792724428164692,7.191900052429586,-0.0,False,0
NRAS,86,86,N,0,,13.218364187314585,0.06778648301186967,8.820041659877456,-0.0,False,0
NRAS,87,87,S,1,p.S87C,38.353870017568084,0.24744432269398764,13.19346082847011,0.9182958340544896,False,0
NRAS,88,88,K,0,,97.65703595536942,0.41380099981088736,11.995262174858329,-0.0,False,0
NRAS,89,89,S,0,,0.0,0.0,8.708878247277298,-0.0,False,0
NRAS,90,90,F,0,,27.775448968918077,0.115731037370492,11.627985973194953,-0.0,False,0
NRAS,91,91,A,5,p.A91V,50.974828945876034,0.39515371275872896,14.026674377186499,0.9182958340544896,False,0
NRAS,92,92,D,1,p.D92N,9.915469600518875,0.05137549015812889,10.389907142785818,-0.0,False,0
NRAS,93,93,I,0,,2.4152564320798326,0.012260184934415394,10.849456187096319,-0.0,False,0
NRAS,94,94,N,0,,41.97504563928429,0.215256644304022,15.015472629641463,0.9182958340544896,False,0
NRAS,95,95,L,1,p.L95F,86.26838559498799,0.4291959482337711,14.059360606508708,1.584962500721156,False,0
NRAS,96,96,Y,0,,13.810692632593017,0.05251213928742592,7.301947327715106,-0.0,False,0
NRAS,97,97,R,0,,1.0935884027146072,0.003991198550053311,14.570961373970794,-0.0,False,0
NRAS,98,98,E,1,p.E98D,59.23837373091371,0.265642931528761,16.928953878264316,-0.0,False,0
NRAS,99,99,Q,0,,18.114423240598747,0.08050854773599443,14.624122428886553,-0.0,False,0
NRAS,100,100,I,1,p.I100T,1.2076282160399163,0.006130092467207697,13.825754452529543,-0.0,False,0
NRAS,101,101,K,0,,17.31953746738746,0.07338787062452314,18.552318071588385,-0.0,False,0
NRAS,102,102,R,0,,128.25112185308828,0.4680697877849937,19.264089521053588,-0.0,False,0
NRAS,103,103,V,0,,36.465395841642184,0.20957124046920797,17.266677337483777,-0.0,False,0
NRAS,104,104,K,0,,54.806189682488004,0.23222961729867797,19.33866133024472,-0.0,False,0
NRAS,105,105,D,2,p.D105H,77.4710716517348,0.40140451633023216,22.896202290595266,-0.0,False,0
NRAS,106,106,S,0,,17.636134608645623,0.11378151360416532,22.605954219670437,-0.0,False,0
NRAS,107,107,D,0,,38.181911802081196,0.19783373990715644,23.4082286373117,0.9182958340544896,False,0
NRAS,108,108,D,1,p.D108G,14.609813272701345,0.07569851436632821,22.847927529093546,-0.0,False,0
NRAS,109,109,V,0,,8.453397512279414,0.04858274432344491,19.494948798287066,-0.0,False,0
NRAS,110,110,P,0,,3.622884648119749,0.022785438038488988,17.80368605232695,-0.0,False,0
NRAS,111,111,M,3,p.M111V,1.2867963509103797,0.005744626566564195,15.598278394498799,-0.0,False,0
NRAS,112,112,V,2,p.V112L,0.0,0.0,13.326448258787993,-0.0,False,0
NRAS,113,113,L,0,,0.0,0.0,13.156846199815467,-0.0,False,0
NRAS,114,114,V,0,,0.0,0.0,8.692439739730476,-0.0,False,0
NRAS,115,115,G,0,,0.0,0.0,7.41543288665812,-0.0,False,0
NRAS,116,116,N,0,,0.0,0.0,3.1477489671384316,-0.0,False,0
NRAS,117,117,K,1,p.K117R,0.0,0.0,3.1459646286968495,-0.0,True,2
NRAS,118,118,C,0,,13.928967312815365,0.083406989897098,4.925624346139395,-0.0,False,0
NRAS,119,119,D,0,,31.090206209573743,0.16108915134494167,2.8604978813294926,-0.0,False,0
NRAS,120,120,L,0,,29.628134121334277,0.14740365234494665,3.4364752146470128,-0.0,False,0
NRAS,121,121,P,0,,113.99015102864153,0.7169191888593808,7.321736114710836,0.9182958340544896,False,0
NRAS,122,122,T,0,,63.323449490229585,0.36815959005947435,8.631587475338659,1.584962500721156,False,0
NRAS,123,123,R,0,,75.09328813682698,0.2740630953898795,10.958817501991852,-0.0,False,0
NRAS,124,124,T,0,,48.133170426109764,0.2798440141052893,12.674647737878226,-0.0,False,0
NRAS,125,125,V,0,,3.622884648119749,0.02082117613861925,13.347802648780172,-0.0,False,0
NRAS,126,126,D,0,,40.69511052672934,0.21085549495714684,15.8697121029403,0.9182958340544896,False,0
NRAS,127,127,T,0,,14.491538592478996,0.08425313135162207,14.252041909830467,0.9182958340544896,False,0
NRAS,128,128,K,0,,40.945319532031846,0.1734971166611519,17.932971985809715,0.9182958340544896,False,0
NRAS,129,129,Q,1,p.Q129E,70.26277527266734,0.31227900121185487,18.094250967322566,-0.0,False,0
NRAS,130,130,A,1,p.A130D,0.0,0.0,14.99730797791126,-0.0,False,0
NRAS,131,131,H,2,p.H131N,51.97311399385134,0.23202283032969348,16.549724829650938,0.9182958340544896,False,0
NRAS,132,132,E,7,p.E132K,42.77587530579616,0.19182006863585724,20.38849042705814,0.9182958340544896,False,0
NRAS,133,133,L,0,,24.152564320798326,0.12016201154626033,16.77038395362345,-0.0,False,0
NRAS,134,134,A,0,,0.0,0.0,18.58119540014495,-0.0,False,0
NRAS,135,135,K,0,,58.865655178491814,0.24943074228174497,21.6188763574807,0.9182958340544896,False,0
NRAS,136,136,S,0,,62.765113077463,0.4049362134029871,22.29870700607686,-0.0,False,0
NRAS,137,137,Y,0,,12.739233608530297,0.04843815060277679,17.46080188360805,-0.0,False,0
NRAS,138,138,G,1,p.G138R,23.88022593684393,0.2296175570850378,22.68978947881448,-0.0,False,0
NRAS,139,139,I,0,,2.4152564320798326,0.012260184934415394,17.249405655631378,-0.0,False,0
NRAS,140,140,P,0,,27.661409155592764,0.17397112676473436,16.74744700597503,-0.0,False,0
NRAS,141,141,F,1,p.F141L,26.417991916043157,0.11007496631684649,12.341731783583844,0.9182958340544896,False,0
NRAS,142,142,I,0,,14.491538592478996,0.07356110960649237,10.54665314997438,-0.0,False,0
NRAS,143,143,E,1,p.E143K,23.65638117709036,0.10608242680309578,8.609615125276683,-0.0,False,0
NRAS,144,144,T,0,,0.0,0.0,4.820198705979459,-0.0,False,0
NRAS,145,145,S,0,,0.0,0.0,3.5298528562876963,-0.0,False,0
NRAS,146,146,A,12,p.A146T,0.0,0.0,2.8354344945698657,-0.0,True,2
NRAS,147,147,K,0,,51.56205544468504,0.21848328578256374,3.465208169339986,-0.0,False,0
NRAS,148,148,T,2,p.T148I,60.61796016244052,0.3524300009444216,5.687419327574756,-0.0,False,0
NRAS,149,149,R,0,,16.428506392605705,0.05995805252775805,6.9744370616011,-0.0,False,0
NRAS,150,150,Q,0,,22.898126374219927,0.10176945055208857,7.365563773491579,-0.0,False,0
NRAS,151,151,G,0,,0.0,0.0,9.61657736056029,0.9182958340544896,False,0
NRAS,152,152,V,0,,0.0,0.0,7.217971665398406,-0.0,False,0
NRAS,153,153,E,2,p.E153A,21.837688057185996,0.09792685227437667,11.626813700937998,-0.0,False,0
NRAS,154,154,D,2,p.D154G,52.405346877502836,0.2715302947020872,13.263323920717244,-0.0,False,0
NRAS,155,155,A,0,,2.4152564320798326,0.018722918078138237,11.331612631778643,-0.0,False,0
NRAS,156,156,F,0,,0.0,0.0,10.551777515193082,-0.0,False,0
NRAS,157,157,Y,0,,9.524856536342135,0.03621618454882941,16.058441944487623,-0.0,False,0
NRAS,158,158,T,0,,0.0,0.0,17.043965552942403,-0.0,False,0
NRAS,159,159,L,0,,0.0,0.0,15.209446903684034,-0.0,False,0
NRAS,160,160,V,0,,1.2076282160399163,0.0069403920462064155,19.35248481502333,-0.0,False,0
NRAS,161,161,R,0,,54.20284053018078,0.1978205858765722,19.907916304238626,-0.0,False,0
NRAS,162,162,E,1,p.E162K,4.285836096250882,0.01921899594731337,21.007124030505725,-0.0,False,0
NRAS,163,163,I,0,,0.0,0.0,19.70991902005866,-0.0,False,0
NRAS,164,164,R,2,p.R164C,27.48182315314296,0.10029862464650716,24.596068688165236,-0.0,False,0
NRAS,165,165,Q,1,p.Q165H,61.62810786427578,0.2739027016190035,25.26486524283103,-0.0,False,0
NRAS,166,166,Y,0,,83.52710724368923,0.3175935636642176,25.140285880520484,0.9182958340544896,False,0
