msa_position,kras_position,hras_position,nras_position,kras_aa,hras_aa,nras_aa,conserved
1,1,1,1,M,M,M,True
2,2,2,2,T,T,T,True
3,3,3,3,E,E,E,True
4,4,4,4,Y,Y,Y,True
5,5,5,5,K,K,K,True
6,6,6,6,L,L,L,True
7,7,7,7,V,V,V,True
8,8,8,8,V,V,V,True
9,9,9,9,V,V,V,True
10,10,10,10,G,G,G,True
11,11,11,11,A,A,A,True
12,12,12,12,G,G,G,True
13,13,13,13,G,G,G,True
14,14,14,14,V,V,V,True
15,15,15,15,G,G,G,True
16,16,16,16,K,K,K,True
17,17,17,17,S,S,S,True
18,18,18,18,A,A,A,True
19,19,19,19,L,L,L,True
20,20,20,20,T,T,T,True
21,21,21,21,I,I,I,True
22,22,22,22,Q,Q,Q,True
23,23,23,23,L,L,L,True
24,24,24,24,I,I,I,True
25,25,25,25,Q,Q,Q,True
26,26,26,26,N,N,N,True
27,27,27,27,H,H,H,True
28,28,28,28,F,F,F,True
29,29,29,29,V,V,V,True
30,30,30,30,D,D,D,True
31,31,31,31,E,E,E,True
32,32,32,32,Y,Y,Y,True
33,33,33,33,D,D,D,True
34,34,34,34,P,P,P,True
35,35,35,35,T,T,T,True
36,36,36,36,I,I,I,True
37,37,37,37,E,E,E,True
38,38,38,38,D,D,D,True
39,39,39,39,S,S,S,True
40,40,40,40,Y,Y,Y,True
41,41,41,41,R,R,R,True
42,42,42,42,K,K,K,True
43,43,43,43,Q,Q,Q,True
44,44,44,44,V,V,V,True
45,45,45,45,V,V,V,True
46,46,46,46,I,I,I,True
47,47,47,47,D,D,D,True
48,48,48,48,G,G,G,True
49,49,49,49,E,E,E,True
50,50,50,50,T,T,T,True
51,51,51,51,C,C,C,True
52,52,52,52,L,L,L,True
53,53,53,53,L,L,L,True
54,54,54,54,D,D,D,True
55,55,55,55,I,I,I,True
56,56,56,56,L,L,L,True
57,57,57,57,D,D,D,True
58,58,58,58,T,T,T,True
59,59,59,59,A,A,A,True
60,60,60,60,G,G,G,True
61,61,61,61,Q,Q,Q,True
62,62,62,62,E,E,E,True
63,63,63,63,E,E,E,True
64,64,64,64,Y,Y,Y,True
65,65,65,65,S,S,S,True
66,66,66,66,A,A,A,True
67,67,67,67,M,M,M,True
68,68,68,68,R,R,R,True
69,69,69,69,D,D,D,True
70,70,70,70,Q,Q,Q,True
71,71,71,71,Y,Y,Y,True
72,72,72,72,M,M,M,True
73,73,73,73,R,R,R,True
74,74,74,74,T,T,T,True
75,75,75,75,G,G,G,True
76,76,76,76,E,E,E,True
77,77,77,77,G,G,G,True
78,78,78,78,F,F,F,True
79,79,79,79,L,L,L,True
80,80,80,80,C,C,C,True
81,81,81,81,V,V,V,True
82,82,82,82,F,F,F,True
83,83,83,83,A,A,A,True
84,84,84,84,I,I,I,True
85,85,85,85,N,N,N,True
86,86,86,86,N,N,N,True
87,87,87,87,T,T,S,False
88,88,88,88,K,K,K,True
89,89,89,89,S,S,S,True
90,90,90,90,F,F,F,True
91,91,91,91,E,E,A,False
92,92,92,92,D,D,D,True
93,93,93,93,I,I,I,True
94,94,94,94,H,H,N,False
95,95,95,95,H,Q,L,False
96,96,96,96,Y,Y,Y,True
97,97,97,97,R,R,R,True
98,98,98,98,E,E,E,True
99,99,99,99,Q,Q,Q,True
100,100,100,100,I,I,I,True
101,101,101,101,K,K,K,True
102,102,102,102,R,R,R,True
103,103,103,103,V,V,V,True
104,104,104,104,K,K,K,True
105,105,105,105,D,D,D,True
106,106,106,106,S,S,S,True
107,107,107,107,E,D,D,False
108,108,108,108,D,D,D,True
109,109,109,109,V,V,V,True
110,110,110,110,P,P,P,True
111,111,111,111,M,M,M,True
112,112,112,112,V,V,V,True
113,113,113,113,L,L,L,True
114,114,114,114,V,V,V,True
115,115,115,115,G,G,G,True
116,116,116,116,N,N,N,True
117,117,117,117,K,K,K,True
118,118,118,118,C,C,C,True
119,119,119,119,D,D,D,True
120,120,120,120,L,L,L,True
121,121,121,121,P,A,P,False
122,122,122,122,S,A,T,False
123,123,123,123,R,R,R,True
124,124,124,124,T,T,T,True
125,125,125,125,V,V,V,True
126,126,126,126,D,E,D,False
127,127,127,127,T,S,T,False
128,128,128,128,K,R,K,False
129,129,129,129,Q,Q,Q,True
130,130,130,130,A,A,A,True
131,131,131,131,Q,Q,H,False
132,132,132,132,D,D,E,False
133,133,133,133,L,L,L,True
134,134,134,134,A,A,A,True
135,135,135,135,R,R,K,False
136,136,136,136,S,S,S,True
137,137,137,137,Y,Y,Y,True
138,138,138,138,G,G,G,True
139,139,139,139,I,I,I,True
140,140,140,140,P,P,P,True
141,141,141,141,F,Y,F,False
142,142,142,142,I,I,I,True
143,143,143,143,E,E,E,True
144,144,144,144,T,T,T,True
145,145,145,145,S,S,S,True
146,146,146,146,A,A,A,True
147,147,147,147,K,K,K,True
148,148,148,148,T,T,T,True
149,149,149,149,R,R,R,True
150,150,150,150,Q,Q,Q,True
151,151,151,151,R,G,G,False
152,152,152,152,V,V,V,True
153,153,153,153,E,E,E,True
154,154,154,154,D,D,D,True
155,155,155,155,A,A,A,True
156,156,156,156,F,F,F,True
157,157,157,157,Y,Y,Y,True
158,158,158,158,T,T,T,True
159,159,159,159,L,L,L,True
160,160,160,160,V,V,V,True
161,161,161,161,R,R,R,True
162,162,162,162,E,E,E,True
163,163,163,163,I,I,I,True
164,164,164,164,R,R,R,True
165,165,165,165,Q,Q,Q,True
166,166,166,166,Y,H,Y,False
167,167,167,167,R,K,R,False
168,168,168,168,L,L,M,False
169,169,169,169,K,R,K,False
170,170,170,170,K,K,K,True
171,171,171,171,I,L,L,False
172,172,172,172,S,N,N,False
173,173,173,173,K,P,S,False
174,174,174,174,E,P,S,False
175,175,175,175,E,D,D,False
176,176,176,176,K,E,D,False
177,177,177,177,T,S,G,False
178,178,178,178,P,G,T,False
179,179,179,179,G,P,Q,False
180,180,180,180,C,G,G,False
181,181,181,181,V,C,C,False
182,182,182,182,K,M,M,False
183,183,183,183,I,S,G,False
184,184,184,184,K,C,L,False
185,185,185,185,K,K,P,False
186,186,186,186,C,C,C,True
187,187,187,187,I,V,V,False
188,188,188,188,I,L,V,False
189,189,189,189,M,S,M,False
