msa_position,kras_pos,hras_pos,nras_pos,n_members_mutated,total_samples,kras_samples,hras_samples,nras_samples,top_mutations
12,12,12,12,3,234655704,217310688,3664440,13680576,KRAS:p.G12D|HRAS:p.G12D|NRAS:p.G12D
13,13,13,13,3,48934368,36024264,6069816,6840288,KRAS:p.G13D|HRAS:p.G13V|NRAS:p.G13D
61,61,61,61,3,45551808,10185264,6859080,28507464,KRAS:p.Q61P|HRAS:p.Q61R|NRAS:p.Q61K
146,146,146,146,3,6783912,6502032,56376,225504,KRAS:p.A146T|HRAS:p.A146T|NRAS:p.A146T
117,117,117,117,3,2273832,1954368,300672,18792,KRAS:p.K117N|HRAS:p.K117N|NRAS:p.K117R
59,59,59,59,3,1522152,1127520,169128,225504,KRAS:p.A59T|HRAS:p.A59T|NRAS:p.A59D
14,14,14,14,3,620136,582552,18792,18792,KRAS:p.V14I|HRAS:p.V14G|NRAS:p.V14I
60,60,60,60,3,563760,281880,112752,169128,KRAS:p.G60D|HRAS:p.G60S|NRAS:p.G60E
22,22,22,22,3,544968,451008,37584,56376,KRAS:p.Q22R|HRAS:p.Q22K|NRAS:p.Q22K
10,10,10,10,3,319464,263088,37584,18792,KRAS:p.G10R|HRAS:p.G10A|NRAS:p.G10V
18,18,18,18,3,319464,281880,18792,18792,KRAS:p.A18G|HRAS:p.A18V|NRAS:p.A18V
33,33,33,33,3,319464,225504,56376,37584,KRAS:p.D33E|HRAS:p.D33N|NRAS:p.D33Y
63,63,63,63,2,281880,206712,0,75168,KRAS:p.E63K|NRAS:p.E63Q
64,64,64,64,3,281880,93960,56376,131544,KRAS:p.Y64D|HRAS:p.Y64H|NRAS:p.Y64N
119,119,119,119,2,281880,150336,131544,0,KRAS:p.D119H|HRAS:p.D119N
34,34,34,34,3,263088,187920,18792,56376,KRAS:p.P34L|HRAS:p.P34S|NRAS:p.P34A
68,68,68,68,3,263088,150336,75168,37584,KRAS:p.R68S|HRAS:p.R68L|NRAS:p.R68T
58,58,58,58,3,244296,187920,37584,18792,KRAS:p.T58I|HRAS:p.T58A|NRAS:p.T58I
20,20,20,20,3,206712,169128,18792,18792,KRAS:p.T20M|HRAS:p.T20I|NRAS:p.T20K
31,31,31,31,2,206712,112752,93960,0,KRAS:p.E31K|HRAS:p.E31K
62,62,62,62,2,187920,75168,0,112752,KRAS:p.E62D|NRAS:p.E62K
50,50,50,50,3,169128,56376,56376,56376,KRAS:p.T50I|HRAS:p.T50M|NRAS:p.T50P
57,57,57,57,3,169128,75168,18792,75168,KRAS:p.D57N|HRAS:p.D57N|NRAS:p.D57N
91,91,91,91,3,169128,18792,56376,93960,KRAS:p.E91G|HRAS:p.E91K|NRAS:p.A91V
17,17,17,17,3,150336,56376,56376,37584,KRAS:p.S17N|HRAS:p.S17G|NRAS:p.S17T
48,48,48,48,3,150336,37584,56376,56376,KRAS:p.G48A|HRAS:p.G48R|NRAS:p.G48D
54,54,54,54,3,150336,37584,18792,93960,KRAS:p.D54G|HRAS:p.D54N|NRAS:p.D54G
73,73,73,73,2,150336,37584,112752,0,KRAS:p.R73M|HRAS:p.R73H
132,132,132,132,2,150336,0,18792,131544,HRAS:p.D132V|NRAS:p.E132K
11,11,11,11,2,131544,75168,56376,0,KRAS:p.A11G|HRAS:p.A11T
41,41,41,41,3,131544,37584,75168,18792,KRAS:p.R41K|HRAS:p.R41Q|NRAS:p.R41I
170,170,170,170,2,131544,56376,75168,0,KRAS:p.K170Q|HRAS:p.K170T
9,9,9,9,3,112752,75168,18792,18792,KRAS:p.V9I|HRAS:p.V9M|NRAS:p.V9I
15,15,15,15,3,112752,75168,18792,18792,KRAS:p.G15D|HRAS:p.G15D|NRAS:p.G15V
36,36,36,36,3,112752,75168,18792,18792,KRAS:p.I36M|HRAS:p.I36V|NRAS:p.I36M
65,65,65,65,2,112752,75168,0,37584,KRAS:p.S65I|NRAS:p.S65N
111,111,111,111,2,112752,56376,0,56376,KRAS:p.M111V|NRAS:p.M111V
143,143,143,143,3,112752,37584,56376,18792,KRAS:p.E143K|HRAS:p.E143K|NRAS:p.E143K
147,147,147,147,2,112752,93960,18792,0,KRAS:p.K147N|HRAS:p.K147N
162,162,162,162,3,112752,75168,18792,18792,KRAS:p.E162K|HRAS:p.E162K|NRAS:p.E162K
164,164,164,164,3,112752,37584,37584,37584,KRAS:p.R164Q|HRAS:p.R164Q|NRAS:p.R164C
3,3,3,3,3,93960,18792,56376,18792,KRAS:p.E3K|HRAS:p.E3K|NRAS:p.E3A
26,26,26,26,2,93960,75168,18792,0,KRAS:p.N26Y|HRAS:p.N26D
49,49,49,49,3,93960,18792,37584,37584,KRAS:p.E49K|HRAS:p.E49K|NRAS:p.E49K
66,66,66,66,3,93960,18792,37584,37584,KRAS:p.A66S|HRAS:p.A66T|NRAS:p.A66T
131,131,131,131,3,93960,18792,37584,37584,KRAS:p.Q131E|HRAS:p.Q131E|NRAS:p.H131N
134,134,134,134,2,93960,37584,56376,0,KRAS:p.A134T|HRAS:p.A134T
188,188,188,188,2,93960,0,56376,37584,HRAS:p.L188F|NRAS:p.V188M
24,24,24,24,2,75168,37584,0,37584,KRAS:p.I24N|NRAS:p.I24L
72,72,72,72,3,75168,18792,37584,18792,KRAS:p.M72V|HRAS:p.M72I|NRAS:p.M72I
74,74,74,74,3,75168,18792,37584,18792,KRAS:p.T74A|HRAS:p.T74A|NRAS:p.T74S
76,76,76,76,2,75168,18792,0,56376,KRAS:p.E76G|NRAS:p.E76K
85,85,85,85,2,75168,18792,0,56376,KRAS:p.N85H|NRAS:p.N85S
92,92,92,92,3,75168,18792,37584,18792,KRAS:p.D92Y|HRAS:p.D92N|NRAS:p.D92N
123,123,123,123,2,75168,18792,56376,0,KRAS:p.R123I|HRAS:p.R123H
130,130,130,130,3,75168,37584,18792,18792,KRAS:p.A130V|HRAS:p.A130T|NRAS:p.A130D
135,135,135,135,2,75168,56376,18792,0,KRAS:p.R135K|HRAS:p.R135Q
138,138,138,138,2,75168,56376,0,18792,KRAS:p.G138R|NRAS:p.G138R
148,148,148,148,3,75168,18792,18792,37584,KRAS:p.T148S|HRAS:p.T148A|NRAS:p.T148S
2,2,2,2,2,56376,18792,37584,0,KRAS:p.T2I|HRAS:p.T2M
7,7,7,7,2,56376,37584,18792,0,KRAS:p.V7A|HRAS:p.V7L
16,16,16,16,2,56376,0,37584,18792,HRAS:p.K16R|NRAS:p.K16E
52,52,52,52,2,56376,37584,0,18792,KRAS:p.L52F|NRAS:p.L52W
67,67,67,67,2,56376,18792,0,37584,KRAS:p.M67I|NRAS:p.M67T
71,71,71,71,3,56376,18792,18792,18792,KRAS:p.Y71C|HRAS:p.Y71H|NRAS:p.Y71C
84,84,84,84,2,56376,37584,0,18792,KRAS:p.I84M|NRAS:p.I84T
102,102,102,102,2,56376,37584,18792,0,KRAS:p.R102I|HRAS:p.R102L
108,108,108,108,2,56376,37584,0,18792,KRAS:p.D108N|NRAS:p.D108G
118,118,118,118,2,56376,18792,37584,0,KRAS:p.C118S|HRAS:p.C118Y
145,145,145,145,2,56376,18792,37584,0,KRAS:p.S145L|HRAS:p.S145L
154,154,154,154,2,56376,18792,0,37584,KRAS:p.D154N|NRAS:p.D154H
156,156,156,156,2,56376,18792,37584,0,KRAS:p.F156L|HRAS:p.F156L
176,176,176,176,2,56376,37584,0,18792,KRAS:p.K176R|NRAS:p.D176V
186,186,186,186,2,56376,18792,0,37584,KRAS:p.C186Y|NRAS:p.C186R
4,4,4,4,2,37584,0,18792,18792,HRAS:p.Y4H|NRAS:p.Y4D
25,25,25,25,2,37584,18792,18792,0,KRAS:p.Q25H|HRAS:p.Q25H
29,29,29,29,2,37584,18792,0,18792,KRAS:p.V29M|NRAS:p.V29L
44,44,44,44,2,37584,18792,18792,0,KRAS:p.V44E|HRAS:p.V44M
53,53,53,53,2,37584,0,18792,18792,HRAS:p.L53M|NRAS:p.L53F
77,77,77,77,2,37584,18792,0,18792,KRAS:p.G77S|NRAS:p.G77C
83,83,83,83,2,37584,0,18792,18792,HRAS:p.A83D|NRAS:p.A83G
95,95,95,95,2,37584,18792,0,18792,KRAS:p.H95L|NRAS:p.L95F
107,107,107,107,2,37584,18792,18792,0,KRAS:p.E107K|HRAS:p.D107G
122,122,122,122,2,37584,18792,18792,0,KRAS:p.S122F|HRAS:p.A122T
144,144,144,144,2,37584,18792,18792,0,KRAS:p.T144P|HRAS:p.T144I
161,161,161,161,2,37584,18792,18792,0,KRAS:p.R161G|HRAS:p.R161H
167,167,167,167,2,37584,0,18792,18792,HRAS:p.K167E|NRAS:p.R167Q
181,181,181,181,2,37584,18792,18792,0,KRAS:p.V181A|HRAS:p.C181Y
182,182,182,182,2,37584,18792,18792,0,KRAS:p.K182E|HRAS:p.M182I
183,183,183,183,2,37584,18792,0,18792,KRAS:p.I183N|NRAS:p.G183V
