position,residue,sasa_abs,sasa_rel,gene,state
1,M,110.86434173654338,0.4949300970381401,KRAS,GTP
2,T,23.0674456518778,0.13411305611556862,KRAS,GTP
3,E,24.389113681243025,0.10936822278584316,KRAS,GTP
4,Y,1.0714590240627204,0.004073988684649127,KRAS,GTP
5,K,75.20909980840894,0.31868262630681754,KRAS,GTP
6,L,1.0714590240627204,0.005330641910759803,KRAS,GTP
7,V,2.4152564320798326,0.013880784092412831,KRAS,GTP
8,V,0.0,0.0,KRAS,GTP
9,V,2.4152564320798326,0.013880784092412831,KRAS,GTP
10,G,0.0,0.0,KRAS,GTP
11,A,0.0,0.0,KRAS,GTP
12,G,24.40700819299787,0.234682771086518,KRAS,GTP
13,G,10.754614131033938,0.1034097512599417,KRAS,GTP
14,V,1.2076282160399163,0.0069403920462064155,KRAS,GTP
15,G,0.0,0.0,KRAS,GTP
16,K,0.0,0.0,KRAS,GTP
17,S,2.4152564320798326,0.015582299561805372,KRAS,GTP
18,A,0.0,0.0,KRAS,GTP
19,L,1.2076282160399163,0.0060081005773130166,KRAS,GTP
20,T,1.0714590240627204,0.006229412930597211,KRAS,GTP
21,I,24.152564320798326,0.12260184934415394,KRAS,GTP
22,Q,6.561530416287644,0.02916235740572286,KRAS,GTP
23,L,0.0,0.0,KRAS,GTP
24,I,40.49678806569352,0.2055674521101194,KRAS,GTP
25,Q,117.93807741907231,0.5241692329736547,KRAS,GTP
26,N,80.79015172388182,0.41430847037888113,KRAS,GTP
27,H,103.94367701446797,0.4640342723860177,KRAS,GTP
28,F,30.401732462724844,0.1266738852613535,KRAS,GTP
29,V,44.6822439934769,0.25679450570963736,KRAS,GTP
30,D,39.33765347385442,0.20382203872463428,KRAS,GTP
31,E,107.98260906088791,0.48422694646138076,KRAS,GTP
32,Y,33.25101876945403,0.12642972916142217,KRAS,GTP
33,D,99.33596590130091,0.5146941238409374,KRAS,GTP
34,P,99.41612677944988,0.6252586589902508,KRAS,GTP
35,T,54.083635938532964,0.31443974382868,KRAS,GTP
36,I,165.94029369700982,0.8423365162284763,KRAS,GTP
37,E,28.983077184957992,0.12996895598635871,KRAS,GTP
38,D,17.143344385003527,0.08882561857514781,KRAS,GTP
39,S,34.3045832817619,0.22131989214039935,KRAS,GTP
40,Y,34.34037230527159,0.13057175781472088,KRAS,GTP
41,R,130.20334522714083,0.475194690610003,KRAS,GTP
42,K,44.97755370291435,0.1905828546733659,KRAS,GTP
43,Q,87.05721437756318,0.3869209527891697,KRAS,GTP
44,V,10.868653944359247,0.06246352841585774,KRAS,GTP
45,V,63.394072493082284,0.36433374996024304,KRAS,GTP
46,I,0.0,0.0,KRAS,GTP
47,D,76.38171811591724,0.39576019749179914,KRAS,GTP
48,G,56.72697199726342,0.5454516538198406,KRAS,GTP
49,E,31.771052169459722,0.1424710859617028,KRAS,GTP
50,T,16.49828744862724,0.09592027586411186,KRAS,GTP
51,C,0.0,0.0,KRAS,GTP
52,L,36.22884648119749,0.18024301731939052,KRAS,GTP
53,L,0.0,0.0,KRAS,GTP
54,D,25.851185769482484,0.1339439677175258,KRAS,GTP
55,I,1.2076282160399163,0.006130092467207697,KRAS,GTP
56,L,25.360192536838245,0.12617011212357335,KRAS,GTP
57,D,1.0714590240627204,0.005551601160946738,KRAS,GTP
58,T,3.622884648119749,0.02106328283790552,KRAS,GTP
59,A,42.15294774807176,0.32676703680675784,KRAS,GTP
60,G,8.571672192501763,0.08241992492790157,KRAS,GTP
61,Q,122.65034073575085,0.5451126254922259,KRAS,GTP
65,S,103.42704838577045,0.6672712799081965,KRAS,GTP
66,A,76.01163850132436,0.5892375077622043,KRAS,GTP
67,M,124.56495296255463,0.5560935400114045,KRAS,GTP
68,R,28.298838305006136,0.10328043177009538,KRAS,GTP
69,D,32.29783442561366,0.16734629236069254,KRAS,GTP
70,Q,116.7194284960036,0.5187530155377937,KRAS,GTP
71,Y,67.84583494692517,0.2579689541708181,KRAS,GTP
72,M,2.494424566950296,0.011135823959599537,KRAS,GTP
73,R,32.45189812934569,0.11843758441367042,KRAS,GTP
74,T,68.25434252285675,0.3968275728073067,KRAS,GTP
75,G,1.2076282160399163,0.01161180976961458,KRAS,GTP
76,E,30.95403701759654,0.13880734088608315,KRAS,GTP
77,G,0.0,0.0,KRAS,GTP
78,F,0.0,0.0,KRAS,GTP
79,L,2.4152564320798326,0.012016201154626033,KRAS,GTP
80,C,3.7020527829902123,0.022167980736468338,KRAS,GTP
81,V,0.0,0.0,KRAS,GTP
82,F,1.2076282160399163,0.005031784233499651,KRAS,GTP
83,A,0.0,0.0,KRAS,GTP
84,I,0.0,0.0,KRAS,GTP
85,N,27.029898766738764,0.1386148654704552,KRAS,GTP
86,N,25.266573075761272,0.12957216961928858,KRAS,GTP
87,T,48.15106493786461,0.27994805196432915,KRAS,GTP
88,K,69.81435690366452,0.29582354620196827,KRAS,GTP
89,S,0.0,0.0,KRAS,GTP
90,F,0.0,0.0,KRAS,GTP
91,E,70.5980209079172,0.31658305339873183,KRAS,GTP
92,D,11.786049264689925,0.06106761277041412,KRAS,GTP
93,I,4.830512864159665,0.02452036986883079,KRAS,GTP
94,H,40.28660295079776,0.17985090603034712,KRAS,GTP
95,H,98.70381462754554,0.4406420295872569,KRAS,GTP
96,Y,3.3505462641653576,0.012739719635609725,KRAS,GTP
97,R,16.631905667369725,0.060700385647334765,KRAS,GTP
98,E,45.07285705765364,0.20212043523611498,KRAS,GTP
99,Q,17.04380616336719,0.07575024961496529,KRAS,GTP
100,I,1.2076282160399163,0.006130092467207697,KRAS,GTP
101,K,32.76594429736915,0.13883874702275065,KRAS,GTP
102,R,140.61331407770533,0.5131872776558588,KRAS,GTP
103,V,26.804370113322857,0.15404810409955666,KRAS,GTP
104,K,16.366353123547086,0.0693489539133351,KRAS,GTP
105,D,98.15481502814542,0.5085741711302871,KRAS,GTP
106,S,27.34904688123164,0.17644546374988154,KRAS,GTP
107,E,129.61434687007517,0.5812302550227586,KRAS,GTP
108,D,51.46582217852027,0.2666622910804159,KRAS,GTP
109,V,3.372675642817244,0.019383193349524392,KRAS,GTP
110,P,0.0,0.0,KRAS,GTP
111,M,3.7812209178606757,0.016880450526163732,KRAS,GTP
112,V,0.0,0.0,KRAS,GTP
113,L,2.4152564320798326,0.012016201154626033,KRAS,GTP
114,V,1.2076282160399163,0.0069403920462064155,KRAS,GTP
115,G,0.0,0.0,KRAS,GTP
116,N,0.0,0.0,KRAS,GTP
117,K,0.0,0.0,KRAS,GTP
118,C,21.5653496732316,0.12913383037863235,KRAS,GTP
119,D,40.070385978007096,0.20761858019692794,KRAS,GTP
120,L,16.22594906467285,0.08072611474961618,KRAS,GTP
121,P,124.05968433289246,0.7802495869993237,KRAS,GTP
122,S,44.13756722556812,0.28475849822947175,KRAS,GTP
123,R,50.803712677220304,0.18541500977087702,KRAS,GTP
124,T,61.55324999452604,0.3578677325263142,KRAS,GTP
125,V,2.279087240102637,0.0130982025293255,KRAS,GTP
126,D,68.18276447583736,0.35327857241366506,KRAS,GTP
127,T,12.076282160399163,0.07021094279301839,KRAS,GTP
128,K,115.26849021212846,0.48842580598359514,KRAS,GTP
129,Q,53.590933679485175,0.23818192746437855,KRAS,GTP
130,A,0.0,0.0,KRAS,GTP
131,Q,35.280738951085326,0.1568032842270459,KRAS,GTP
132,D,62.97953305925581,0.3263188241412218,KRAS,GTP
133,L,7.245769296239498,0.0360486034638781,KRAS,GTP
134,A,1.2076282160399163,0.009361459039069119,KRAS,GTP
135,R,102.7887772895259,0.37514152295447406,KRAS,GTP
136,S,72.01763122985074,0.4646298789022628,KRAS,GTP
137,Y,25.069959641129003,0.09532304046056655,KRAS,GTP
138,G,34.45864698549394,0.3313331440912879,KRAS,GTP
139,I,6.038141080199582,0.030650462336038485,KRAS,GTP
140,P,13.28391037643908,0.08354660614112629,KRAS,GTP
141,F,2.142918048125441,0.008928825200522671,KRAS,GTP
142,I,10.868653944359247,0.05517083220486927,KRAS,GTP
143,E,6.428754144376322,0.028828493920970054,KRAS,GTP
144,T,0.0,0.0,KRAS,GTP
145,S,0.0,0.0,KRAS,GTP
146,A,0.0,0.0,KRAS,GTP
147,K,30.081742401400803,0.12746501017542713,KRAS,GTP
148,T,38.21770082559089,0.22219593503250518,KRAS,GTP
149,R,22.488776851457175,0.08207582792502618,KRAS,GTP
150,Q,46.513641714072385,0.20672729650698837,KRAS,GTP
151,G,0.0,0.0,KRAS,GTP
152,V,0.0,0.0,KRAS,GTP
153,D,34.03224489780751,0.1763328751181736,KRAS,GTP
154,D,18.118658107495786,0.09387905755179164,KRAS,GTP
155,A,2.4152564320798326,0.018722918078138237,KRAS,GTP
156,F,1.2076282160399163,0.005031784233499651,KRAS,GTP
157,Y,27.07670849727725,0.10295326424820246,KRAS,GTP
158,T,3.622884648119749,0.02106328283790552,KRAS,GTP
159,L,0.0,0.0,KRAS,GTP
160,V,0.0,0.0,KRAS,GTP
161,R,24.44787403023577,0.0892258176285977,KRAS,GTP
162,E,2.142918048125441,0.009609497973656685,KRAS,GTP
163,I,15.018320848632932,0.07623513121133468,KRAS,GTP
164,R,35.23224532688451,0.1285848369594325,KRAS,GTP
165,K,121.57377976521872,0.5151431345983843,KRAS,GTP
166,H,115.4845061229893,0.5155558309062023,KRAS,GTP
1,M,133.01527171403353,0.5938181772947926,HRAS,GTP
2,T,30.725957390945926,0.17863928715666236,HRAS,GTP
3,E,35.902824561978555,0.16099921328241504,HRAS,GTP
4,Y,0.0,0.0,HRAS,GTP
5,K,49.89571700210918,0.21142252966995415,HRAS,GTP
6,L,1.2076282160399163,0.0060081005773130166,HRAS,GTP
7,V,0.0,0.0,HRAS,GTP
8,V,1.2076282160399163,0.0069403920462064155,HRAS,GTP
9,V,0.0,0.0,HRAS,GTP
10,G,0.0,0.0,HRAS,GTP
11,A,0.0,0.0,HRAS,GTP
12,G,1.0714590240627204,0.010302490615987696,HRAS,GTP
13,G,0.0,0.0,HRAS,GTP
14,V,0.0,0.0,HRAS,GTP
15,G,0.0,0.0,HRAS,GTP
16,K,0.0,0.0,HRAS,GTP
17,S,1.0714590240627204,0.006912638864920777,HRAS,GTP
18,A,0.0,0.0,HRAS,GTP
19,L,2.4152564320798326,0.012016201154626033,HRAS,GTP
20,T,0.0,0.0,HRAS,GTP
21,I,2.4152564320798326,0.012260184934415394,HRAS,GTP
22,Q,0.0,0.0,HRAS,GTP
23,L,0.0,0.0,HRAS,GTP
24,I,17.161238896758373,0.08711288780080392,HRAS,GTP
25,Q,60.72689802929641,0.2698973245746507,HRAS,GTP
26,N,37.147083748359336,0.19049786537620172,HRAS,GTP
27,H,41.69678849477053,0.186146377208797,HRAS,GTP
28,F,0.0,0.0,HRAS,GTP
29,V,4.830512864159665,0.027761568184825662,HRAS,GTP
30,D,15.294894099484363,0.07924815595587753,HRAS,GTP
31,E,71.26097235604834,0.3195559298477504,HRAS,GTP
32,Y,24.01639512882113,0.09131709174456704,HRAS,GTP
33,D,30.545529441664957,0.15826699192572516,HRAS,GTP
34,P,18.114423240598747,0.11392719019244495,HRAS,GTP
35,T,0.0,0.0,HRAS,GTP
36,I,25.36019253683824,0.12873194181136163,HRAS,GTP
37,E,2.279087240102637,0.010220122152926623,HRAS,GTP
38,D,9.915469600518875,0.05137549015812889,HRAS,GTP
39,S,6.038141080199582,0.03895574890451343,HRAS,GTP
40,Y,15.42682842456452,0.058657142298724416,HRAS,GTP
41,R,119.25644049296596,0.43524248355097067,HRAS,GTP
42,K,35.202488161269706,0.14916308542910892,HRAS,GTP
43,Q,81.26588938260022,0.36118173058933434,HRAS,GTP
44,V,3.622884648119749,0.02082117613861925,HRAS,GTP
45,V,39.71556193734004,0.22825035596172438,HRAS,GTP
46,I,0.0,0.0,HRAS,GTP
47,D,78.13402309986593,0.4048394979267665,HRAS,GTP
48,G,15.585126995193603,0.14985699033840003,HRAS,GTP
49,E,20.902398225100473,0.09373272746681827,HRAS,GTP
50,T,26.940539305300057,0.15663104247267476,HRAS,GTP
51,C,0.0,0.0,HRAS,GTP
52,L,20.529679672678576,0.10213770981432127,HRAS,GTP
53,L,1.2076282160399163,0.0060081005773130166,HRAS,GTP
54,D,4.285836096250882,0.022206404643786953,HRAS,GTP
55,I,0.0,0.0,HRAS,GTP
56,L,0.0,0.0,HRAS,GTP
57,D,0.0,0.0,HRAS,GTP
58,T,0.0,0.0,HRAS,GTP
59,A,0.0,0.0,HRAS,GTP
60,G,0.0,0.0,HRAS,GTP
61,Q,42.335901537846226,0.18815956239042766,HRAS,GTP
62,E,94.44245782125144,0.4235087794674952,HRAS,GTP
63,E,122.78047806983315,0.5505851034521666,HRAS,GTP
64,Y,66.48414302715321,0.2527914183541947,HRAS,GTP
65,S,29.61023960957943,0.19103380393277053,HRAS,GTP
66,A,61.84348289023528,0.479406844110351,HRAS,GTP
67,M,27.775448968918077,0.12399754003981285,HRAS,GTP
68,R,26.246121665150575,0.09578876520127948,HRAS,GTP
69,D,65.53095868331283,0.33953864602752765,HRAS,GTP
70,Q,71.06273785960683,0.31583439048714146,HRAS,GTP
71,Y,0.0,0.0,HRAS,GTP
72,M,0.0,0.0,HRAS,GTP
73,R,128.3889749387278,0.4685729012362329,HRAS,GTP
74,T,34.98542924164788,0.2034036583816737,HRAS,GTP
75,G,1.0714590240627204,0.010302490615987696,HRAS,GTP
76,E,28.674949777493907,0.12858721873315654,HRAS,GTP
77,G,0.0,0.0,HRAS,GTP
78,F,0.0,0.0,HRAS,GTP
79,L,2.4152564320798326,0.012016201154626033,HRAS,GTP
80,C,3.7812209178606757,0.022642041424315425,HRAS,GTP
81,V,0.0,0.0,HRAS,GTP
82,F,0.0,0.0,HRAS,GTP
83,A,0.0,0.0,HRAS,GTP
84,I,0.0,0.0,HRAS,GTP
85,N,23.77126293724683,0.1219039124987017,HRAS,GTP
86,N,2.3012166187545233,0.011801110865407811,HRAS,GTP
87,T,27.595862966468268,0.16044106375853645,HRAS,GTP
88,K,56.55086687947379,0.23962231728590588,HRAS,GTP
89,S,0.0,0.0,HRAS,GTP
90,F,26.567820752878156,0.11069925313699232,HRAS,GTP
91,E,57.09545568278827,0.25603343355510433,HRAS,GTP
92,D,12.194556840621512,0.06318423233482649,HRAS,GTP
93,I,3.622884648119749,0.018390277401623092,HRAS,GTP
94,H,71.27048509860342,0.3181718084759081,HRAS,GTP
95,Q,96.22376598857808,0.42766118217145815,HRAS,GTP
96,Y,4.830512864159665,0.018366969065245875,HRAS,GTP
97,R,18.59100284614832,0.06785037535090628,HRAS,GTP
98,E,42.603917090309274,0.191048955561925,HRAS,GTP
99,Q,15.475322048765335,0.06877920910562371,HRAS,GTP
100,I,0.0,0.0,HRAS,GTP
101,K,44.88648521507209,0.19019697125030546,HRAS,GTP
102,R,111.52985672427985,0.4070432727163498,HRAS,GTP
103,V,19.16798775290662,0.11016084915463574,HRAS,GTP
104,K,49.293988911611194,0.20887283437123388,HRAS,GTP
105,D,84.66315741270975,0.4386692093922785,HRAS,GTP
106,S,37.53685486570491,0.2421732571980962,HRAS,GTP
107,D,88.2562848952147,0.45728645023427306,HRAS,GTP
108,D,80.78582889239046,0.4185794243129039,HRAS,GTP
109,V,3.622884648119749,0.02082117613861925,HRAS,GTP
110,P,1.2076282160399163,0.007595146012829662,HRAS,GTP
111,M,1.2867963509103797,0.005744626566564195,HRAS,GTP
112,V,0.0,0.0,HRAS,GTP
113,L,1.2076282160399163,0.0060081005773130166,HRAS,GTP
114,V,0.0,0.0,HRAS,GTP
115,G,0.0,0.0,HRAS,GTP
116,N,0.0,0.0,HRAS,GTP
117,K,0.0,0.0,HRAS,GTP
118,C,15.000426336878085,0.08982291219687476,HRAS,GTP
119,D,23.708267721357046,0.12284076539563236,HRAS,GTP
120,L,17.97825404862155,0.08944404999314204,HRAS,GTP
121,A,54.30748069828654,0.4209882224673375,HRAS,GTP
122,A,51.269296708482315,0.39743640859288615,HRAS,GTP
123,R,42.71117106350283,0.15588018636314901,HRAS,GTP
124,T,43.33844658545979,0.2519677127061616,HRAS,GTP
125,V,0.0,0.0,HRAS,GTP
126,E,55.070812314885174,0.24695431531338644,HRAS,GTP
127,S,28.14816752133997,0.18160108078283851,HRAS,GTP
128,R,101.09268168133525,0.3689513929975739,HRAS,GTP
129,Q,38.61771353498718,0.1716342823777208,HRAS,GTP
130,A,0.0,0.0,HRAS,GTP
131,Q,53.41474059710124,0.23739884709822776,HRAS,GTP
132,D,40.07038597800709,0.20761858019692792,HRAS,GTP
133,L,26.567820752878163,0.1321782127008864,HRAS,GTP
134,A,0.0,0.0,HRAS,GTP
135,R,148.92288947830343,0.5435141951762898,HRAS,GTP
136,S,30.018747185511018,0.19366933668071623,HRAS,GTP
137,Y,7.245769296239498,0.027550453597868813,HRAS,GTP
138,G,20.78412354487812,0.19984734177767424,HRAS,GTP
139,I,9.252518152387744,0.04696709722024235,HRAS,GTP
140,P,21.623268075393185,0.13599539670058608,HRAS,GTP
141,Y,36.10538188991141,0.1372828208741879,HRAS,GTP
142,I,20.529679672678576,0.10421157194253085,HRAS,GTP
143,E,18.185046243451445,0.08154729257153115,HRAS,GTP
144,T,0.0,0.0,HRAS,GTP
145,S,0.0,0.0,HRAS,GTP
146,A,0.0,0.0,HRAS,GTP
147,K,57.9652872903436,0.24561562411162544,HRAS,GTP
148,T,66.36586834693085,0.3858480717844817,HRAS,GTP
149,R,25.74741268094911,0.0939686594195223,HRAS,GTP
150,Q,43.65756956721145,0.1940336425209398,HRAS,GTP
151,G,0.0,0.0,HRAS,GTP
152,V,1.0714590240627204,0.006157810483119083,HRAS,GTP
153,E,30.137021865733367,0.13514359581046353,HRAS,GTP
154,D,23.726162233111893,0.12293348307311862,HRAS,GTP
155,A,2.4152564320798326,0.018722918078138237,HRAS,GTP
156,F,3.622884648119749,0.015095352700498953,HRAS,GTP
157,Y,4.830512864159665,0.018366969065245875,HRAS,GTP
158,T,2.142918048125441,0.012458825861194423,HRAS,GTP
159,L,1.2076282160399163,0.0060081005773130166,HRAS,GTP
160,V,0.0,0.0,HRAS,GTP
161,R,35.72587749735777,0.13038641422393346,HRAS,GTP
162,E,4.285836096250882,0.01921899594731337,HRAS,GTP
163,I,1.0714590240627204,0.0054388782947346215,HRAS,GTP
164,R,57.02567462676674,0.20812290009768883,HRAS,GTP
165,Q,54.83510490127165,0.2437115773389851,HRAS,GTP
166,H,102.43546121333259,0.45730116613094907,HRAS,GTP
1,M,102.5028546589374,0.4576020297273991,NRAS,GTP
2,T,50.57479110373852,0.2940394831612705,NRAS,GTP
3,E,46.842101509190506,0.21005426685735654,NRAS,GTP
4,Y,2.4152564320798326,0.009183484532622938,NRAS,GTP
5,K,49.03020822604519,0.2077551196018864,NRAS,GTP
6,L,1.2076282160399163,0.0060081005773130166,NRAS,GTP
7,V,0.0,0.0,NRAS,GTP
8,V,0.0,0.0,NRAS,GTP
9,V,2.4152564320798326,0.013880784092412831,NRAS,GTP
10,G,0.0,0.0,NRAS,GTP
11,A,0.0,0.0,NRAS,GTP
12,G,15.562997616541717,0.14964420785136265,NRAS,GTP
13,G,9.546985914994021,0.09179794149032713,NRAS,GTP
14,V,0.0,0.0,NRAS,GTP
15,G,0.0,0.0,NRAS,GTP
16,K,0.0,0.0,NRAS,GTP
17,S,0.0,0.0,NRAS,GTP
18,A,0.0,0.0,NRAS,GTP
19,L,2.4152564320798326,0.012016201154626033,NRAS,GTP
20,T,0.0,0.0,NRAS,GTP
21,I,10.868653944359247,0.05517083220486927,NRAS,GTP
22,Q,1.0935884027146072,0.00486039290095381,NRAS,GTP
23,L,1.0714590240627204,0.005330641910759803,NRAS,GTP
24,I,15.154490040610128,0.07692634538380776,NRAS,GTP
25,Q,90.03927695620368,0.40017456424979414,NRAS,GTP
26,N,41.245706055197495,0.2115164413087051,NRAS,GTP
27,H,69.42542773315012,0.3099349452372773,NRAS,GTP
28,F,0.0,0.0,NRAS,GTP
29,V,32.86040570527729,0.1888529063521683,NRAS,GTP
30,D,34.55902715396145,0.1790623168599039,NRAS,GTP
31,E,21.737307888718494,0.09747671698976904,NRAS,GTP
32,Y,126.84765931739418,0.48231049170111856,NRAS,GTP
33,D,17.551851960935114,0.09094223813956018,NRAS,GTP
34,P,21.73730788871849,0.1367126282309339,NRAS,GTP
35,T,0.0,0.0,NRAS,GTP
36,I,64.00429545011556,0.32489490076200794,NRAS,GTP
37,E,32.143770721881616,0.1441424696048503,NRAS,GTP
38,D,7.908720744370631,0.04097782769103954,NRAS,GTP
39,S,39.95634616468178,0.25778287848181797,NRAS,GTP
40,Y,25.069959641129003,0.09532304046056655,NRAS,GTP
41,R,96.2476672254866,0.35126885848717737,NRAS,GTP
42,K,38.094324198899116,0.16141662796143694,NRAS,GTP
43,Q,107.35287053029056,0.4771238690235136,NRAS,GTP
44,V,0.0,0.0,NRAS,GTP
45,V,44.6822439934769,0.25679450570963736,NRAS,GTP
46,I,0.0,0.0,NRAS,GTP
47,D,82.556028388094,0.42775144242535756,NRAS,GTP
48,G,62.198306930902326,0.5980606435663686,NRAS,GTP
49,E,20.78412354487812,0.09320234773487947,NRAS,GTP
50,T,70.94617220578802,0.4124777453824885,NRAS,GTP
51,C,0.0,0.0,NRAS,GTP
52,L,15.699166808518912,0.07810530750506922,NRAS,GTP
53,L,1.0714590240627204,0.005330641910759803,NRAS,GTP
54,D,14.06513650479256,0.07287635494711171,NRAS,GTP
55,I,0.0,0.0,NRAS,GTP
56,L,9.66102572831933,0.04806480461850413,NRAS,GTP
57,D,0.0,0.0,NRAS,GTP
58,T,0.0,0.0,NRAS,GTP
59,A,0.0,0.0,NRAS,GTP
60,G,4.285836096250882,0.04120996246395078,NRAS,GTP
61,Q,38.416023286626704,0.17073788127389647,NRAS,GTP
62,E,88.13980720599021,0.39524577222417134,NRAS,GTP
63,E,93.41281967859331,0.41889156806544087,NRAS,GTP
64,Y,57.231624874765465,0.21761074096869,NRAS,GTP
65,S,38.50793372130013,0.24843828207290405,NRAS,GTP
66,A,71.04834936525337,0.5507623981802587,NRAS,GTP
67,M,74.55299703226262,0.3328258796083153,NRAS,GTP
68,R,18.81908247279894,0.06868278274744138,NRAS,GTP
69,D,64.57777433947246,0.3345998670438987,NRAS,GTP
70,Q,76.4754255415885,0.3398907801848378,NRAS,GTP
71,Y,23.998500617066284,0.09124905177591743,NRAS,GTP
72,M,2.4152564320798326,0.010782394786070681,NRAS,GTP
73,R,53.50836005817822,0.19528598561378913,NRAS,GTP
74,T,62.370265146389215,0.362617820618542,NRAS,GTP
75,G,0.0,0.0,NRAS,GTP
76,E,24.661452065197416,0.11058947114438303,NRAS,GTP
77,G,0.0,0.0,NRAS,GTP
78,F,0.0,0.0,NRAS,GTP
79,L,1.2076282160399163,0.0060081005773130166,NRAS,GTP
80,C,1.2076282160399163,0.0072313066828737504,NRAS,GTP
81,V,0.0,0.0,NRAS,GTP
82,F,1.2076282160399163,0.005031784233499651,NRAS,GTP
83,A,0.0,0.0,NRAS,GTP
84,I,0.0,0.0,NRAS,GTP
85,N,5.4458126349211495,0.02792724428164692,NRAS,GTP
86,N,13.218364187314585,0.06778648301186967,NRAS,GTP
87,S,38.353870017568084,0.24744432269398764,NRAS,GTP
88,K,97.65703595536942,0.41380099981088736,NRAS,GTP
89,S,0.0,0.0,NRAS,GTP
90,F,27.775448968918077,0.115731037370492,NRAS,GTP
91,A,50.974828945876034,0.39515371275872896,NRAS,GTP
92,D,9.915469600518875,0.05137549015812889,NRAS,GTP
93,I,2.4152564320798326,0.012260184934415394,NRAS,GTP
94,N,41.97504563928429,0.215256644304022,NRAS,GTP
95,L,86.26838559498799,0.4291959482337711,NRAS,GTP
96,Y,13.810692632593017,0.05251213928742592,NRAS,GTP
97,R,1.0935884027146072,0.003991198550053311,NRAS,GTP
98,E,59.23837373091371,0.265642931528761,NRAS,GTP
99,Q,18.114423240598747,0.08050854773599443,NRAS,GTP
100,I,1.2076282160399163,0.006130092467207697,NRAS,GTP
101,K,17.31953746738746,0.07338787062452314,NRAS,GTP
102,R,128.25112185308828,0.4680697877849937,NRAS,GTP
103,V,36.465395841642184,0.20957124046920797,NRAS,GTP
104,K,54.806189682488004,0.23222961729867797,NRAS,GTP
105,D,77.4710716517348,0.40140451633023216,NRAS,GTP
106,S,17.636134608645623,0.11378151360416532,NRAS,GTP
107,D,38.181911802081196,0.19783373990715644,NRAS,GTP
108,D,14.609813272701345,0.07569851436632821,NRAS,GTP
109,V,8.453397512279414,0.04858274432344491,NRAS,GTP
110,P,3.622884648119749,0.022785438038488988,NRAS,GTP
111,M,1.2867963509103797,0.005744626566564195,NRAS,GTP
112,V,0.0,0.0,NRAS,GTP
113,L,0.0,0.0,NRAS,GTP
114,V,0.0,0.0,NRAS,GTP
115,G,0.0,0.0,NRAS,GTP
116,N,0.0,0.0,NRAS,GTP
117,K,0.0,0.0,NRAS,GTP
118,C,13.928967312815365,0.083406989897098,NRAS,GTP
119,D,31.090206209573743,0.16108915134494167,NRAS,GTP
120,L,29.628134121334277,0.14740365234494665,NRAS,GTP
121,P,113.99015102864153,0.7169191888593808,NRAS,GTP
122,T,63.323449490229585,0.36815959005947435,NRAS,GTP
123,R,75.09328813682698,0.2740630953898795,NRAS,GTP
124,T,48.133170426109764,0.2798440141052893,NRAS,GTP
125,V,3.622884648119749,0.02082117613861925,NRAS,GTP
126,D,40.69511052672934,0.21085549495714684,NRAS,GTP
127,T,14.491538592478996,0.08425313135162207,NRAS,GTP
128,K,40.945319532031846,0.1734971166611519,NRAS,GTP
129,Q,70.26277527266734,0.31227900121185487,NRAS,GTP
130,A,0.0,0.0,NRAS,GTP
131,H,51.97311399385134,0.23202283032969348,NRAS,GTP
132,E,42.77587530579616,0.19182006863585724,NRAS,GTP
133,L,24.152564320798326,0.12016201154626033,NRAS,GTP
134,A,0.0,0.0,NRAS,GTP
135,K,58.865655178491814,0.24943074228174497,NRAS,GTP
136,S,62.765113077463,0.4049362134029871,NRAS,GTP
137,Y,12.739233608530297,0.04843815060277679,NRAS,GTP
138,G,23.88022593684393,0.2296175570850378,NRAS,GTP
139,I,2.4152564320798326,0.012260184934415394,NRAS,GTP
140,P,27.661409155592764,0.17397112676473436,NRAS,GTP
141,F,26.417991916043157,0.11007496631684649,NRAS,GTP
142,I,14.491538592478996,0.07356110960649237,NRAS,GTP
143,E,23.65638117709036,0.10608242680309578,NRAS,GTP
144,T,0.0,0.0,NRAS,GTP
145,S,0.0,0.0,NRAS,GTP
146,A,0.0,0.0,NRAS,GTP
147,K,51.56205544468504,0.21848328578256374,NRAS,GTP
148,T,60.61796016244052,0.3524300009444216,NRAS,GTP
149,R,16.428506392605705,0.05995805252775805,NRAS,GTP
150,Q,22.898126374219927,0.10176945055208857,NRAS,GTP
151,G,0.0,0.0,NRAS,GTP
152,V,0.0,0.0,NRAS,GTP
153,E,21.837688057185996,0.09792685227437667,NRAS,GTP
154,D,52.405346877502836,0.2715302947020872,NRAS,GTP
155,A,2.4152564320798326,0.018722918078138237,NRAS,GTP
156,F,0.0,0.0,NRAS,GTP
157,Y,9.524856536342135,0.03621618454882941,NRAS,GTP
158,T,0.0,0.0,NRAS,GTP
159,L,0.0,0.0,NRAS,GTP
160,V,1.2076282160399163,0.0069403920462064155,NRAS,GTP
161,R,54.20284053018078,0.1978205858765722,NRAS,GTP
162,E,4.285836096250882,0.01921899594731337,NRAS,GTP
163,I,0.0,0.0,NRAS,GTP
164,R,27.48182315314296,0.10029862464650716,NRAS,GTP
165,Q,61.62810786427578,0.2739027016190035,NRAS,GTP
166,Y,83.52710724368923,0.3175935636642176,NRAS,GTP
1,M,101.90817630235406,0.4549472156355092,KRAS,GDP
2,T,21.04459927497256,0.12235232136611952,KRAS,GDP
3,E,72.1715441371354,0.3236392113772888,KRAS,GDP
4,Y,6.61232368631088,0.02514191515707559,KRAS,GDP
5,K,39.92587271594195,0.1691774267624659,KRAS,GDP
6,L,0.0,0.0,KRAS,GDP
7,V,0.0,0.0,KRAS,GDP
8,V,0.0,0.0,KRAS,GDP
9,V,0.0,0.0,KRAS,GDP
10,G,0.0,0.0,KRAS,GDP
11,A,0.0,0.0,KRAS,GDP
12,G,9.927432785343743,0.09545608447445907,KRAS,GDP
13,G,7.039994977429366,0.0676922593983593,KRAS,GDP
14,V,0.0,0.0,KRAS,GDP
15,G,0.0,0.0,KRAS,GDP
16,K,0.0,0.0,KRAS,GDP
17,S,0.0,0.0,KRAS,GDP
18,A,0.0,0.0,KRAS,GDP
19,L,0.0,0.0,KRAS,GDP
20,T,0.0,0.0,KRAS,GDP
21,I,2.5484599605920395,0.012936344977624565,KRAS,GDP
22,Q,0.0,0.0,KRAS,GDP
23,L,0.0,0.0,KRAS,GDP
24,I,7.328606811329354,0.037201049803702306,KRAS,GDP
25,Q,70.44002393018286,0.3130667730230349,KRAS,GDP
26,N,56.797695531081025,0.2912702334927232,KRAS,GDP
27,H,75.83836081692296,0.3385641107898346,KRAS,GDP
28,F,30.735130841494406,0.12806304517289335,KRAS,GDP
29,V,23.785626298859036,0.13669900171758068,KRAS,GDP
30,D,91.71098123903187,0.47518643129032057,KRAS,GDP
31,E,135.28914391033118,0.606677775382651,KRAS,GDP
32,Y,22.80293611681615,0.0867031791513922,KRAS,GDP
33,D,45.960495212369516,0.2381372808931063,KRAS,GDP
34,P,43.90689892657094,0.27614401840610653,KRAS,GDP
35,T,84.47169619002936,0.4911145127327288,KRAS,GDP
36,I,32.730368902159896,0.16614400457949186,KRAS,GDP
37,E,15.367565420747201,0.06891284942039104,KRAS,GDP
38,D,34.06471639947501,0.17650112124080317,KRAS,GDP
39,S,3.214377072188161,0.020737916594762328,KRAS,GDP
40,Y,13.100441365469432,0.0498115641272602,KRAS,GDP
41,R,62.17453135769995,0.22691434802080274,KRAS,GDP
42,K,7.645379881776119,0.032395677465153046,KRAS,GDP
43,Q,42.66183549247085,0.1896081577443149,KRAS,GDP
44,V,26.783962327445135,0.1539308179738226,KRAS,GDP
45,V,81.93223375079722,0.4708749066137771,KRAS,GDP
46,I,4.247433267653399,0.02156057496270761,KRAS,GDP
47,D,71.97780840137384,0.3729420124423515,KRAS,GDP
48,G,28.673705706803084,0.2757087087192604,KRAS,GDP
49,E,91.23411260695818,0.4091215811971219,KRAS,GDP
50,T,47.92039663886743,0.2786069572027176,KRAS,GDP
51,C,0.0,0.0,KRAS,GDP
52,L,35.01242180572752,0.17419115326232598,KRAS,GDP
53,L,0.0,0.0,KRAS,GDP
54,D,2.142918048125441,0.011103202321893477,KRAS,GDP
55,I,0.0,0.0,KRAS,GDP
56,L,1.6989733070613597,0.008452603517718208,KRAS,GDP
57,D,0.0,0.0,KRAS,GDP
58,T,0.0,0.0,KRAS,GDP
59,A,12.819105460155162,0.09937291054383847,KRAS,GDP
60,G,11.268264529895866,0.10834869740284486,KRAS,GDP
61,Q,144.64057196582453,0.6428469865147757,KRAS,GDP
62,E,22.329033148207436,0.10013019348971945,KRAS,GDP
63,E,81.58839271804712,0.3658672319194938,KRAS,GDP
64,Y,76.18125937187696,0.2896625831630303,KRAS,GDP
65,S,2.5484599605920395,0.01644167716510993,KRAS,GDP
66,A,40.95586271697729,0.3174873078835449,KRAS,GDP
67,M,53.647092789760734,0.239495949954289,KRAS,GDP
68,R,37.504333098554945,0.13687712809691585,KRAS,GDP
69,D,4.285836096250882,0.022206404643786953,KRAS,GDP
70,Q,66.94388369607954,0.2975283719825757,KRAS,GDP
71,Y,0.0,0.0,KRAS,GDP
72,M,0.0,0.0,KRAS,GDP
73,R,58.97988348737634,0.21525504922400124,KRAS,GDP
74,T,37.60235078934694,0.2186183185427148,KRAS,GDP
75,G,0.0,0.0,KRAS,GDP
76,E,8.571672192501763,0.03843799189462674,KRAS,GDP
77,G,0.0,0.0,KRAS,GDP
78,F,0.0,0.0,KRAS,GDP
79,L,0.8494866535306799,0.004226301758859104,KRAS,GDP
80,C,0.8494866535306799,0.005086746428327424,KRAS,GDP
81,V,0.0,0.0,KRAS,GDP
82,F,0.8494866535306799,0.0035395277230444995,KRAS,GDP
83,A,0.0,0.0,KRAS,GDP
84,I,0.0,0.0,KRAS,GDP
85,N,19.67553089564997,0.10090015843923061,KRAS,GDP
86,N,16.28954746635212,0.08353614085308779,KRAS,GDP
87,T,42.074722090997376,0.24462047727324057,KRAS,GDP
88,K,120.48761808753716,0.5105407546082082,KRAS,GDP
89,S,0.0,0.0,KRAS,GDP
90,F,0.0,0.0,KRAS,GDP
91,E,48.50895517296156,0.21752894696395317,KRAS,GDP
92,D,12.857508288752644,0.06661921393136085,KRAS,GDP
93,I,0.0,0.0,KRAS,GDP
94,H,65.13453995591226,0.29077919623175114,KRAS,GDP
95,H,58.14491099190524,0.259575495499577,KRAS,GDP
96,Y,0.8494866535306799,0.0032299872757820527,KRAS,GDP
97,R,9.569291222834508,0.034924420521293825,KRAS,GDP
98,E,32.656076519087804,0.14643980501833095,KRAS,GDP
99,Q,12.136914898613446,0.053941843993837536,KRAS,GDP
100,I,0.0,0.0,KRAS,GDP
101,K,66.94800546564105,0.28367798926119087,KRAS,GDP
102,R,112.91233342104795,0.4120888081060144,KRAS,GDP
103,V,5.813203046202552,0.03340921290921007,KRAS,GDP
104,K,0.0,0.0,KRAS,GDP
105,D,48.316388109667116,0.2503439798428348,KRAS,GDP
106,S,13.557517963825521,0.0874678578311324,KRAS,GDP
107,E,49.811459487139885,0.22336977348493223,KRAS,GDP
108,D,66.61151575970035,0.3451373873559604,KRAS,GDP
109,V,0.0,0.0,KRAS,GDP
110,P,0.0,0.0,KRAS,GDP
111,M,0.0,0.0,KRAS,GDP
112,V,0.0,0.0,KRAS,GDP
113,L,0.0,0.0,KRAS,GDP
114,V,0.0,0.0,KRAS,GDP
115,G,0.0,0.0,KRAS,GDP
116,N,0.0,0.0,KRAS,GDP
117,K,10.682043340736014,0.04526289551159328,KRAS,GDP
118,C,15.836642903040003,0.09483019702419164,KRAS,GDP
119,D,7.597979531818757,0.039367769594915836,KRAS,GDP
120,L,23.46885322841227,0.11676046382294662,KRAS,GDP
121,P,73.9556043396266,0.46512958704167673,KRAS,GDP
122,S,77.54566562770162,0.5002946169529137,KRAS,GDP
123,R,15.367565420747201,0.056086005185208766,KRAS,GDP
124,T,50.37405589954474,0.292872418020609,KRAS,GDP
125,V,0.0,0.0,KRAS,GDP
126,D,68.75991274541366,0.35626897795551116,KRAS,GDP
127,T,24.368705895365302,0.1416785226474727,KRAS,GDP
128,K,119.01986599978,0.5043214661007627,KRAS,GDP
129,Q,41.93929431488643,0.18639686362171748,KRAS,GDP
130,A,0.0,0.0,KRAS,GDP
131,Q,29.342337154451904,0.13041038735311958,KRAS,GDP
132,D,15.320165070789841,0.07937909363103544,KRAS,GDP
133,L,3.2647430856105126,0.016242502913485137,KRAS,GDP
134,A,0.0,0.0,KRAS,GDP
135,R,122.79642479414277,0.4481621342851926,KRAS,GDP
136,S,69.82292716842352,0.4504704978607969,KRAS,GDP
137,Y,43.22002110879007,0.16433468102201548,KRAS,GDP
138,G,61.751421659114484,0.5937636697991777,KRAS,GDP
139,I,2.4152564320798326,0.012260184934415394,KRAS,GDP
140,P,24.87921470157364,0.15647304843757007,KRAS,GDP
141,F,2.0571148695705963,0.008571311956544151,KRAS,GDP
142,I,0.0,0.0,KRAS,GDP
143,E,12.635535918220604,0.056661596045832305,KRAS,GDP
144,T,0.0,0.0,KRAS,GDP
145,S,0.0,0.0,KRAS,GDP
146,A,0.0,0.0,KRAS,GDP
147,K,68.29180287365816,0.2893720460748227,KRAS,GDP
148,T,57.71166023223398,0.33553290832694177,KRAS,GDP
149,R,38.395012314959494,0.14012778217138502,KRAS,GDP
150,Q,77.42220103641556,0.344098671272958,KRAS,GDP
151,G,5.096919921184079,0.04900884539600076,KRAS,GDP
152,V,0.0,0.0,KRAS,GDP
153,D,28.547778106876592,0.14791594874029323,KRAS,GDP
154,D,47.74527169798573,0.24738482745070325,KRAS,GDP
155,A,0.0,0.0,KRAS,GDP
156,F,0.0,0.0,KRAS,GDP
157,Y,32.8635724306721,0.12495654916605362,KRAS,GDP
158,T,9.38275601743496,0.054550907078110236,KRAS,GDP
159,L,0.0,0.0,KRAS,GDP
160,V,0.0,0.0,KRAS,GDP
161,R,57.27406150833015,0.20902942156324872,KRAS,GDP
162,E,3.214377072188161,0.014414246960485027,KRAS,GDP
163,I,0.0,0.0,KRAS,GDP
164,R,17.233834819797522,0.06289720737152381,KRAS,GDP
165,K,87.22146940786345,0.36958249749094685,KRAS,GDP
166,H,36.347887710027315,0.16226735584833624,KRAS,GDP
167,K,76.09806999840993,0.32244944914580476,KRAS,GDP
168,E,122.4341488957014,0.5490320578282574,KRAS,GDP
169,K,104.43850299014959,0.4425360296192779,KRAS,GDP
1,M,139.18030800469688,0.621340660735254,HRAS,GDP
2,T,26.549926241123313,0.15436003628560066,HRAS,GDP
3,E,61.76427705625298,0.2769698522701927,HRAS,GDP
4,Y,3.214377072188161,0.01222196605394738,HRAS,GDP
5,K,36.8866959828592,0.1562995592494034,HRAS,GDP
6,L,0.0,0.0,HRAS,GDP
7,V,0.0,0.0,HRAS,GDP
8,V,0.0,0.0,HRAS,GDP
9,V,3.622884648119749,0.02082117613861925,HRAS,GDP
10,G,0.0,0.0,HRAS,GDP
11,A,0.0,0.0,HRAS,GDP
12,G,18.759480176975032,0.18037961708629838,HRAS,GDP
13,G,25.75080560101498,0.24760390000975943,HRAS,GDP
14,V,0.0,0.0,HRAS,GDP
15,G,0.0,0.0,HRAS,GDP
16,K,0.0,0.0,HRAS,GDP
17,S,0.0,0.0,HRAS,GDP
18,A,0.0,0.0,HRAS,GDP
19,L,0.0,0.0,HRAS,GDP
20,T,0.0,0.0,HRAS,GDP
21,I,8.453397512279414,0.04291064727045388,HRAS,GDP
22,Q,6.5394010376357565,0.029064004611714475,HRAS,GDP
23,L,1.2076282160399163,0.0060081005773130166,HRAS,GDP
24,I,25.052065129374157,0.1271678432963155,HRAS,GDP
25,Q,57.97630799737239,0.2576724799883217,HRAS,GDP
26,N,80.39182290814786,0.41226575850332237,HRAS,GDP
27,H,47.050690695018254,0.21004772631704577,HRAS,GDP
28,F,42.09163642584431,0.17538181844101794,HRAS,GDP
29,V,16.90679502455883,0.09716548864688981,HRAS,GDP
30,D,22.77297788927152,0.11799470408948974,HRAS,GDP
31,E,147.90316620206,0.6632428977670851,HRAS,GDP
32,Y,29.78219782506632,0.11324029591279969,HRAS,GDP
33,D,45.954463354474626,0.23810602774339185,HRAS,GDP
34,P,48.16895944961946,0.3029494305007513,HRAS,GDP
35,T,70.51553525120454,0.4099740421581659,HRAS,GDP
36,I,36.22884648119749,0.18390277401623092,HRAS,GDP
37,E,30.95403701759654,0.13880734088608315,HRAS,GDP
38,D,64.55987982771762,0.33450714936641257,HRAS,GDP
39,S,23.594227908031733,0.15222082521310795,HRAS,GDP
40,Y,17.84208485664435,0.06784062683134734,HRAS,GDP
41,R,119.75770045040214,0.4370718994540224,HRAS,GDP
42,K,33.377851148064764,0.14143157266129136,HRAS,GDP
43,Q,86.87762837511337,0.38612279277828165,HRAS,GDP
44,V,15.699166808518912,0.09022509660068341,HRAS,GDP
45,V,54.237699642265,0.3117109174842816,HRAS,GDP
46,I,1.2076282160399163,0.006130092467207697,HRAS,GDP
47,D,80.63779704655332,0.4178124199303281,HRAS,GDP
48,G,33.659526345385615,0.32364929178255397,HRAS,GDP
49,E,17.279513576980726,0.07748660796852344,HRAS,GDP
50,T,23.86233142508909,0.1387344850295877,HRAS,GDP
51,C,0.0,0.0,HRAS,GDP
52,L,20.529679672678576,0.10213770981432127,HRAS,GDP
53,L,0.0,0.0,HRAS,GDP
54,D,9.643131216564484,0.049964410448520645,HRAS,GDP
55,I,0.0,0.0,HRAS,GDP
56,L,3.622884648119749,0.01802430173193905,HRAS,GDP
57,D,0.0,0.0,HRAS,GDP
58,T,1.2076282160399163,0.007021094279301839,HRAS,GDP
59,A,9.915469600518875,0.07686410543037887,HRAS,GDP
60,G,17.75017442197093,0.17067475405741278,HRAS,GDP
61,Q,96.19655979619799,0.42754026576087995,HRAS,GDP
62,E,129.01175170000482,0.5785280345291696,HRAS,GDP
63,E,143.39867525711927,0.6430433868032254,HRAS,GDP
64,Y,173.3868233301843,0.6592654879474689,HRAS,GDP
65,S,33.50546264165357,0.2161642751074424,HRAS,GDP
66,A,75.9452503653687,0.5887228710493697,HRAS,GDP
67,M,93.52144338618385,0.41750644368832074,HRAS,GDP
68,R,21.69049815818001,0.07916240203715331,HRAS,GDP
69,D,56.568673426634334,0.29310193485302766,HRAS,GDP
70,Q,65.57275443197621,0.2914344641421165,HRAS,GDP
71,Y,15.681272296764066,0.05962460949339949,HRAS,GDP
72,M,13.363078511309542,0.0596566004969176,HRAS,GDP
73,R,150.72623905968766,0.5500957629915608,HRAS,GDP
74,T,22.67259772080402,0.1318174286093257,HRAS,GDP
75,G,1.0714590240627204,0.010302490615987696,HRAS,GDP
76,E,18.48714179302064,0.0829019811346217,HRAS,GDP
77,G,0.0,0.0,HRAS,GDP
78,F,0.0,0.0,HRAS,GDP
79,L,0.0,0.0,HRAS,GDP
80,C,3.7812209178606757,0.022642041424315425,HRAS,GDP
81,V,0.0,0.0,HRAS,GDP
82,F,1.2076282160399163,0.005031784233499651,HRAS,GDP
83,A,3.622884648119749,0.028084377117207356,HRAS,GDP
84,I,1.2076282160399163,0.006130092467207697,HRAS,GDP
85,N,9.753778109823918,0.05001937492217393,HRAS,GDP
86,N,33.428895745500284,0.17143023459230916,HRAS,GDP
87,T,49.060832471232374,0.2852373980885603,HRAS,GDP
88,K,103.37347794784142,0.43802321164339586,HRAS,GDP
89,S,0.0,0.0,HRAS,GDP
90,F,19.32205145663866,0.08050854773599442,HRAS,GDP
91,E,60.01959985926719,0.2691461877097183,HRAS,GDP
92,D,18.21480340906625,0.09437721973609456,HRAS,GDP
93,I,1.2076282160399163,0.006130092467207697,HRAS,GDP
94,H,47.91619947108224,0.21391160478161714,HRAS,GDP
95,Q,79.41152033652169,0.3529400903845408,HRAS,GDP
96,Y,9.915469600518875,0.037701405325166824,HRAS,GDP
97,R,8.862747035042167,0.03234579209869404,HRAS,GDP
98,E,66.33007932342116,0.2974443018987496,HRAS,GDP
99,Q,39.84230635135648,0.1770769171171399,HRAS,GDP
100,I,0.0,0.0,HRAS,GDP
101,K,26.31845369440682,0.11151887158646957,HRAS,GDP
102,R,106.31380760967164,0.38800659711558994,HRAS,GDP
103,V,52.0283934581839,0.29901375550680404,HRAS,GDP
104,K,57.86226818404708,0.24517910247477578,HRAS,GDP
105,D,128.74704110301332,0.6670831145233851,HRAS,GDP
106,S,24.31509775832445,0.1568715984408029,HRAS,GDP
107,D,93.68336107154984,0.485406015914766,HRAS,GDP
108,D,62.60681450683391,0.32438763993178193,HRAS,GDP
109,V,3.622884648119749,0.02082117613861925,HRAS,GDP
110,P,1.2076282160399163,0.007595146012829662,HRAS,GDP
111,M,1.2867963509103797,0.005744626566564195,HRAS,GDP
112,V,0.0,0.0,HRAS,GDP
113,L,0.0,0.0,HRAS,GDP
114,V,0.0,0.0,HRAS,GDP
115,G,0.0,0.0,HRAS,GDP
116,N,0.0,0.0,HRAS,GDP
117,K,4.374353610858429,0.018535396656179783,HRAS,GDP
118,C,22.715976832164788,0.1360238133662562,HRAS,GDP
119,D,54.52613554697639,0.28251883703096575,HRAS,GDP
120,L,43.59289045765934,0.2168800520281559,HRAS,GDP
121,A,95.64002037442924,0.7413955067785213,HRAS,GDP
122,A,57.237656732660355,0.44370276536946013,HRAS,GDP
123,R,72.72229046205094,0.26540981920456547,HRAS,GDP
124,T,61.14474241859444,0.3554926884802002,HRAS,GDP
125,V,3.622884648119749,0.02082117613861925,HRAS,GDP
126,E,63.74042679995526,0.2858315103137007,HRAS,GDP
127,S,22.927041593003565,0.14791639737421655,HRAS,GDP
128,R,159.92263580091168,0.5836592547478529,HRAS,GDP
129,Q,95.60507329775072,0.4249114368788921,HRAS,GDP
130,A,1.2076282160399163,0.009361459039069119,HRAS,GDP
131,Q,65.60166965075985,0.2915629762255993,HRAS,GDP
132,D,78.93314373997427,0.408980019378105,HRAS,GDP
133,L,18.114423240598747,0.09012150865969526,HRAS,GDP
134,A,0.0,0.0,HRAS,GDP
135,R,151.0462291210117,0.5512636099306996,HRAS,GDP
136,S,61.807693866725586,0.39875931526919733,HRAS,GDP
137,Y,23.589993041134694,0.0896957910309304,HRAS,GDP
138,G,53.76280393037776,0.5169500377920938,HRAS,GDP
139,I,11.395436200513185,0.0578448538097116,HRAS,GDP
140,P,33.81359004911766,0.21266408835923054,HRAS,GDP
141,Y,26.690330299997548,0.1014841456273671,HRAS,GDP
142,I,13.28391037643908,0.06743101713928466,HRAS,GDP
143,E,26.940539305300053,0.12080959329730966,HRAS,GDP
144,T,0.0,0.0,HRAS,GDP
145,S,0.0,0.0,HRAS,GDP
146,A,0.0,0.0,HRAS,GDP
147,K,99.64757419342516,0.42223548387044557,HRAS,GDP
148,T,76.16306326722739,0.4428085073676011,HRAS,GDP
149,R,35.522478222593755,0.12964408110435677,HRAS,GDP
150,Q,84.97221473159931,0.3776542876959969,HRAS,GDP
151,G,9.090826661692784,0.08741179482396907,HRAS,GDP
152,V,0.0,0.0,HRAS,GDP
153,E,31.480819273750477,0.14116959315583175,HRAS,GDP
154,D,33.487568129898726,0.17351071569895712,HRAS,GDP
155,A,0.0,0.0,HRAS,GDP
156,F,0.0,0.0,HRAS,GDP
157,Y,22.26409014487243,0.0846543351516062,HRAS,GDP
158,T,15.817441488741261,0.09196186912058874,HRAS,GDP
159,L,0.0,0.0,HRAS,GDP
160,V,0.0,0.0,HRAS,GDP
161,R,64.34638975735027,0.23484083853047544,HRAS,GDP
162,E,15.000426336878085,0.0672664858155968,HRAS,GDP
163,I,0.0,0.0,HRAS,GDP
164,R,28.869037371632686,0.10536145026143316,HRAS,GDP
165,Q,96.81270151379064,0.43027867339462506,HRAS,GDP
166,H,22.853867616916155,0.10202619471837569,HRAS,GDP
167,K,65.40589816295874,0.27714363628372346,HRAS,GDP
168,L,143.24556659755393,0.7126645104355916,HRAS,GDP
169,R,31.71406367872361,0.11574475795154601,HRAS,GDP
1,M,141.78530406668295,0.6329701074405489,NRAS,GDP
2,T,44.6822439934769,0.25978048833416806,NRAS,GDP
3,E,27.775448968918077,0.12455358282026044,NRAS,GDP
4,Y,7.636382360416238,0.02903567437420623,NRAS,GDP
5,K,31.398333617037824,0.13304378651287213,NRAS,GDP
6,L,1.2076282160399163,0.0060081005773130166,NRAS,GDP
7,V,0.0,0.0,NRAS,GDP
8,V,1.2076282160399163,0.0069403920462064155,NRAS,GDP
9,V,0.0,0.0,NRAS,GDP
10,G,0.0,0.0,NRAS,GDP
11,A,4.830512864159665,0.037445836156276474,NRAS,GDP
12,G,23.317654657180306,0.22420821785750294,NRAS,GDP
13,G,4.830512864159665,0.04644723907845832,NRAS,GDP
14,V,0.0,0.0,NRAS,GDP
15,G,0.0,0.0,NRAS,GDP
16,K,0.0,0.0,NRAS,GDP
17,S,0.0,0.0,NRAS,GDP
18,A,0.0,0.0,NRAS,GDP
19,L,3.622884648119749,0.01802430173193905,NRAS,GDP
20,T,1.2076282160399163,0.007021094279301839,NRAS,GDP
21,I,1.2076282160399163,0.006130092467207697,NRAS,GDP
22,Q,1.0714590240627204,0.004762040106945424,NRAS,GDP
23,L,11.395436200513185,0.05669371244036411,NRAS,GDP
24,I,21.99175176091804,0.11163325766963471,NRAS,GDP
25,Q,87.66149344129587,0.3896066375168706,NRAS,GDP
26,N,95.35570623927939,0.48900362173989426,NRAS,GDP
27,H,57.46318538607627,0.2565320776164119,NRAS,GDP
28,F,12.076282160399163,0.05031784233499651,NRAS,GDP
29,V,9.66102572831933,0.055523136369651324,NRAS,GDP
30,D,91.77275751697206,0.4755065156319796,NRAS,GDP
31,E,144.17386952757786,0.6465195942940711,NRAS,GDP
32,Y,20.257341288724188,0.07702411136397029,NRAS,GDP
33,D,73.32224669429228,0.37990801396006363,NRAS,GDP
34,P,56.07768019399009,0.35268981254081816,NRAS,GDP
35,T,96.14806617199719,0.5590003847209138,NRAS,GDP
36,I,53.135641505756325,0.2697240685571387,NRAS,GDP
37,E,57.740512619164555,0.2589260655567917,NRAS,GDP
38,D,16.61656212884959,0.08609617683341757,NRAS,GDP
39,S,31.09020620957374,0.20058197554563703,NRAS,GDP
40,Y,22.94493610475841,0.0872431030599179,NRAS,GDP
41,R,76.59030730174499,0.27952666898447076,NRAS,GDP
42,K,52.10928318582854,0.22080204739757855,NRAS,GDP
43,Q,88.46739992153596,0.39318844409571535,NRAS,GDP
44,V,7.245769296239498,0.0416423522772385,NRAS,GDP
45,V,25.36019253683824,0.1457482329703347,NRAS,GDP
46,I,0.0,0.0,NRAS,GDP
47,D,83.76365660413393,0.43400858344110843,NRAS,GDP
48,G,15.448957803216407,0.14854767118477313,NRAS,GDP
49,E,44.35622207425797,0.19890682544510302,NRAS,GDP
50,T,34.98542924164788,0.2034036583816737,NRAS,GDP
51,C,0.0,0.0,NRAS,GDP
52,L,66.2833826902182,0.3297680730856627,NRAS,GDP
53,L,0.0,0.0,NRAS,GDP
54,D,52.11087911489656,0.2700045549994641,NRAS,GDP
55,I,0.0,0.0,NRAS,GDP
56,L,18.114423240598747,0.09012150865969526,NRAS,GDP
57,D,0.0,0.0,NRAS,GDP
58,T,6.038141080199582,0.03510547139650919,NRAS,GDP
59,A,2.142918048125441,0.016611767814925897,NRAS,GDP
60,G,72.26784023515324,0.6948830791841658,NRAS,GDP
72,M,68.00856944638113,0.3036096850284872,NRAS,GDP
73,R,64.19319313319062,0.23428172676346942,NRAS,GDP
74,T,72.83041151481687,0.4234326250861446,NRAS,GDP
75,G,1.0714590240627204,0.010302490615987696,NRAS,GDP
76,E,21.31090580103206,0.09556460000462808,NRAS,GDP
77,G,0.0,0.0,NRAS,GDP
78,F,0.0,0.0,NRAS,GDP
79,L,2.4152564320798326,0.012016201154626033,NRAS,GDP
80,C,1.2867963509103797,0.007705367370720836,NRAS,GDP
81,V,0.0,0.0,NRAS,GDP
82,F,0.0,0.0,NRAS,GDP
83,A,0.0,0.0,NRAS,GDP
84,I,1.2076282160399163,0.006130092467207697,NRAS,GDP
85,N,30.763430308117947,0.15776118106727152,NRAS,GDP
86,N,17.497414443433716,0.08973033047914726,NRAS,GDP
87,S,24.933790449151807,0.16086316418807617,NRAS,GDP
88,K,98.42892527035644,0.41707171724727304,NRAS,GDP
89,S,0.0,0.0,NRAS,GDP
90,F,26.159313176946572,0.10899713823727739,NRAS,GDP
91,A,25.22402334486105,0.19553506468884535,NRAS,GDP
92,D,7.636382360416238,0.03956674798143129,NRAS,GDP
93,I,1.2076282160399163,0.006130092467207697,NRAS,GDP
94,N,48.587620653007455,0.24916728540003824,NRAS,GDP
95,L,62.79666723407565,0.3124212300202769,NRAS,GDP
96,Y,18.0965287288439,0.06880809402602243,NRAS,GDP
97,R,27.339710067865177,0.09977996375133276,NRAS,GDP
98,E,47.16209157051455,0.21148919986777825,NRAS,GDP
99,Q,66.28335755747699,0.2945927002554533,NRAS,GDP
100,I,0.0,0.0,NRAS,GDP
101,K,48.05405255672177,0.2036188667657702,NRAS,GDP
102,R,119.09985094874044,0.43467098886401623,NRAS,GDP
103,V,61.28091161057165,0.3521891471871934,NRAS,GDP
104,K,64.05870783487575,0.2714352026901515,NRAS,GDP
105,D,117.89628167040895,0.6108615630591138,NRAS,GDP
106,S,28.873272238529722,0.18627917573244981,NRAS,GDP
107,D,123.67658595834311,0.6408113262090317,NRAS,GDP
108,D,52.47692492452222,0.27190116541203224,NRAS,GDP
109,V,6.038141080199582,0.03470196023103208,NRAS,GDP
110,P,6.038141080199582,0.03797573006414831,NRAS,GDP
111,M,0.0,0.0,NRAS,GDP
112,V,0.0,0.0,NRAS,GDP
113,L,0.0,0.0,NRAS,GDP
114,V,0.0,0.0,NRAS,GDP
115,G,0.0,0.0,NRAS,GDP
116,N,0.0,0.0,NRAS,GDP
117,K,0.0,0.0,NRAS,GDP
118,C,32.320001503377384,0.1935329431339963,NRAS,GDP
119,D,37.65512954592726,0.1951042981654262,NRAS,GDP
120,L,21.601138696741295,0.10746835172508107,NRAS,GDP
121,P,83.58079077895377,0.5256653508110299,NRAS,GDP
122,T,83.97140384313052,0.48820583629727043,NRAS,GDP
123,R,51.11013105828084,0.18653332503022205,NRAS,GDP
124,T,43.33844658545979,0.2519677127061616,NRAS,GDP
125,V,1.0714590240627204,0.006157810483119083,NRAS,GDP
126,D,20.63005984114608,0.10689150176759626,NRAS,GDP
127,T,54.71598827421813,0.318116210896617,NRAS,GDP
128,K,91.77974441903363,0.3888972221145493,NRAS,GDP
129,Q,28.48010820111827,0.12657825867163675,NRAS,GDP
130,A,1.2076282160399163,0.009361459039069119,NRAS,GDP
131,H,73.68574153068323,0.3289542032619787,NRAS,GDP
132,E,77.45317713997996,0.34732366430484285,NRAS,GDP
133,L,26.567820752878163,0.1321782127008864,NRAS,GDP
134,A,0.0,0.0,NRAS,GDP
135,K,143.34940251794038,0.6074127225336456,NRAS,GDP
136,S,81.73901323623085,0.5273484724918119,NRAS,GDP
137,Y,29.491964929357085,0.11213674878082541,NRAS,GDP
138,G,56.86314118924061,0.5467609729734674,NRAS,GDP
139,I,10.051638792496071,0.05102354717003082,NRAS,GDP
140,P,25.36019253683824,0.1594980662694229,NRAS,GDP
141,F,26.141418665191726,0.1089225777716322,NRAS,GDP
142,I,21.73730788871849,0.11034166440973853,NRAS,GDP
143,E,27.43332952894215,0.1230194149279917,NRAS,GDP
144,T,0.0,0.0,NRAS,GDP
145,S,0.0,0.0,NRAS,GDP
146,A,0.0,0.0,NRAS,GDP
147,K,62.70388971982984,0.26569444796538066,NRAS,GDP
148,T,71.19638121109051,0.413932448901689,NRAS,GDP
149,R,47.91619947108224,0.17487664040540962,NRAS,GDP
150,Q,72.71466267508802,0.32317627855594677,NRAS,GDP
151,G,6.561530416287644,0.06309163861815043,NRAS,GDP
152,V,0.0,0.0,NRAS,GDP
153,E,49.28711510688514,0.22101845339410375,NRAS,GDP
154,D,27.331152369476797,0.14161218844288495,NRAS,GDP
155,A,2.4152564320798326,0.018722918078138237,NRAS,GDP
156,F,1.2076282160399163,0.005031784233499651,NRAS,GDP
157,Y,6.564923336353519,0.024961685689557107,NRAS,GDP
158,T,21.99175176091804,0.12785902186580256,NRAS,GDP
159,L,0.0,0.0,NRAS,GDP
160,V,0.0,0.0,NRAS,GDP
161,R,55.55258183149848,0.20274664902006745,NRAS,GDP
162,E,57.99495649136411,0.26006706946800046,NRAS,GDP
163,I,0.0,0.0,NRAS,GDP
164,R,58.72609306644875,0.21432880681185673,NRAS,GDP
165,Q,81.95099534212446,0.3642266459649976,NRAS,GDP
166,Y,119.86056876025125,0.45574360745342685,NRAS,GDP
167,R,128.75994676563428,0.4699268130132638,NRAS,GDP
